id,first_name,last_name,email,gender,ip_address
1,Tandy,Rennick,trennick0@acquirethisname.com,Genderfluid,200.10.20.179
2,Jonell,Pointer,jpointer1@nhs.uk,Non-binary,4.91.109.191
3,Eden,Tommasetti,etommasetti2@utexas.edu,Female,191.88.33.167
4,Veradis,Wilbore,vwilbore3@issuu.com,Female,104.213.59.111
5,Boycie,Salasar,bsalasar4@yolasite.com,Male,79.18.152.143
6,Kelcey,Mahaddie,kmahaddie5@state.tx.us,Female,228.123.83.143
7,Prescott,Ivshin,pivshin6@google.ru,Male,13.52.100.246
8,Dav,Lehrian,dlehrian7@intel.com,Non-binary,130.196.127.56
9,Georgianna,Gayton,ggayton8@list-manage.com,Female,190.3.246.244
10,Cybill,Mabbett,cmabbett9@baidu.com,Female,235.180.212.243
11,Lawrence,Jillett,ljilletta@mapy.cz,Male,13.7.189.233
12,Joane,Povey,jpoveyb@admin.ch,Female,161.39.217.54
13,Addia,Ferencz,aferenczc@bluehost.com,Female,235.89.138.158
14,Gabbie,Brackenridge,gbrackenridged@woothemes.com,Female,33.65.8.209
15,Cy,Wheaton,cwheatone@sourceforge.net,Male,79.56.6.23
16,Justine,Ragborne,jragbornef@sitemeter.com,Female,115.188.16.117
17,Ame,Barrs,abarrsg@unc.edu,Female,74.30.129.179
18,Gallagher,Brokenbrow,gbrokenbrowh@economist.com,Male,169.108.189.142
19,Timothee,Nardoni,tnardonii@trellian.com,Male,216.162.72.59
20,Pepillo,Coleby,pcolebyj@cmu.edu,Male,175.132.2.40
21,Ethyl,Khristyukhin,ekhristyukhink@ox.ac.uk,Female,238.176.20.49
22,Clyve,Korneev,ckorneevl@miitbeian.gov.cn,Male,42.102.53.182
23,Joshuah,Keble,jkeblem@mit.edu,Male,140.118.44.104
24,Marilin,Twatt,mtwattn@princeton.edu,Female,166.118.203.234
25,Nikki,Varley,nvarleyo@surveymonkey.com,Male,5.223.249.190
26,Dita,Ambage,dambagep@123-reg.co.uk,Female,247.133.38.249
27,Stella,Eastop,seastopq@illinois.edu,Female,82.141.113.166
28,Ronalda,Murfett,rmurfettr@indiatimes.com,Female,77.219.231.150
29,Linnet,Thornton-Dewhirst,lthorntondewhirsts@topsy.com,Female,232.109.168.210
30,Xylia,Grossier,xgrossiert@live.com,Female,22.253.234.229
31,Rosemaria,Willoway,rwillowayu@cnn.com,Polygender,246.159.177.142
32,Harmonia,Leverentz,hleverentzv@booking.com,Female,243.17.137.102
33,Amata,Dibling,adiblingw@simplemachines.org,Female,192.136.76.57
34,Jackson,Cheers,jcheersx@irs.gov,Male,231.213.103.154
35,Hyatt,Menicomb,hmenicomby@e-recht24.de,Male,138.255.237.83
36,Cristiano,Leipoldt,cleipoldtz@over-blog.com,Male,89.43.165.228
37,Avivah,Gouley,agouley10@webmd.com,Female,29.80.52.91
38,Miltie,Fowles,mfowles11@techcrunch.com,Male,172.203.53.66
39,Arlyne,Everett,aeverett12@blogger.com,Female,112.163.80.34
40,Prentice,Tigwell,ptigwell13@hibu.com,Male,234.251.187.53
41,Yale,Burroughes,yburroughes14@soup.io,Male,88.135.161.106
42,Ash,Sheircliffe,asheircliffe15@feedburner.com,Male,148.174.202.46
43,Aguie,Brideau,abrideau16@posterous.com,Male,158.170.225.156
44,Beauregard,Rowan,browan17@hostgator.com,Male,96.50.16.12
45,Caralie,Akroyd,cakroyd18@cdbaby.com,Female,245.12.230.13
46,Robena,Kleszinski,rkleszinski19@4shared.com,Female,238.152.23.103
47,Leon,Tunno,ltunno1a@studiopress.com,Male,118.74.144.123
48,Moses,Coopey,mcoopey1b@blogtalkradio.com,Male,74.156.87.176
49,Antin,Haswall,ahaswall1c@cisco.com,Male,82.135.214.236
50,Juan,Flicker,jflicker1d@artisteer.com,Male,194.214.237.130
51,Tom,Fyfe,tfyfe1e@alibaba.com,Male,65.132.132.120
52,Doro,Rudsdell,drudsdell1f@purevolume.com,Female,27.127.193.100
53,Agnola,Mallion,amallion1g@addtoany.com,Female,119.211.42.255
54,Constance,Mullender,cmullender1h@microsoft.com,Female,43.204.27.127
55,Andris,Randal,arandal1i@liveinternet.ru,Male,203.109.8.167
56,Lorettalorna,Blase,lblase1j@intel.com,Female,173.9.112.48
57,Isaac,Shadwick,ishadwick1k@google.nl,Male,134.55.7.71
58,Alvera,Francescoccio,afrancescoccio1l@paginegialle.it,Female,124.21.73.132
59,Cyb,Barneville,cbarneville1m@networksolutions.com,Female,199.180.19.34
60,Krista,Beardwood,kbeardwood1n@mac.com,Female,215.98.149.93
61,Tybalt,Burnsall,tburnsall1o@opensource.org,Male,228.38.2.157
62,Nicolle,O'Gormally,nogormally1p@1688.com,Non-binary,32.91.221.135
63,Emlyn,Hackworth,ehackworth1q@odnoklassniki.ru,Female,7.175.144.33
64,Christye,O'Dunneen,codunneen1r@mapy.cz,Female,248.11.207.237
65,Sherrie,Cossington,scossington1s@mozilla.com,Female,50.98.132.248
66,Steward,Arnason,sarnason1t@vistaprint.com,Male,178.154.51.167
67,Michelle,Gaskin,mgaskin1u@joomla.org,Female,227.23.235.189
68,Hermy,Stafford,hstafford1v@upenn.edu,Male,227.73.151.48
69,Cassie,Athowe,cathowe1w@mozilla.com,Male,65.19.233.149
70,Maurie,Topham,mtopham1x@mysql.com,Male,239.75.252.122
71,Zelig,Van Arsdall,zvanarsdall1y@ebay.com,Male,9.63.160.237
72,Red,Tchir,rtchir1z@bravesites.com,Male,154.12.84.191
73,Meagan,Schoenrock,mschoenrock20@yellowbook.com,Female,71.122.215.35
74,Simmonds,Finneran,sfinneran21@ox.ac.uk,Male,90.149.234.179
75,Amery,Raigatt,araigatt22@indiatimes.com,Male,137.117.145.114
76,Mil,Shilburne,mshilburne23@ihg.com,Female,83.33.140.229
77,Ole,MacKellen,omackellen24@tiny.cc,Male,125.181.224.216
78,Eachelle,Szymanek,eszymanek25@phpbb.com,Genderqueer,185.178.34.118
79,Nyssa,Scanterbury,nscanterbury26@sitemeter.com,Female,73.77.131.10
80,Nathan,Thomelin,nthomelin27@bigcartel.com,Male,51.184.212.130
81,Isaiah,Lepick,ilepick28@senate.gov,Male,157.247.175.10
82,Rory,Brasseur,rbrasseur29@comcast.net,Female,202.126.183.240
83,Lezlie,Tack,ltack2a@cnet.com,Female,232.161.50.65
84,Wald,Hartright,whartright2b@stumbleupon.com,Male,37.156.57.245
85,Bayard,Ransley,bransley2c@tinyurl.com,Non-binary,79.242.173.79
86,Cheston,Trazzi,ctrazzi2d@xinhuanet.com,Male,74.105.31.151
87,Gearard,Cousin,gcousin2e@webeden.co.uk,Male,124.18.215.255
88,Bailie,Ludvigsen,bludvigsen2f@goo.ne.jp,Male,110.133.5.213
89,Elnar,Annatt,eannatt2g@youtube.com,Male,63.5.60.106
90,Nils,Larrosa,nlarrosa2h@pbs.org,Male,88.68.13.186
91,Domenic,Ropkes,dropkes2i@tinypic.com,Male,181.26.21.105
92,Brandyn,Ainscough,bainscough2j@seesaa.net,Male,194.42.127.156
93,Emmerich,Deares,edeares2k@furl.net,Genderfluid,47.81.46.64
94,Wes,Grossier,wgrossier2l@bigcartel.com,Male,191.70.240.140
95,Caren,Dewer,cdewer2m@unicef.org,Female,118.18.209.126
96,Asia,Enser,aenser2n@umn.edu,Female,52.147.125.100
97,Marris,Cord,mcord2o@wordpress.com,Female,13.172.244.121
98,Rustie,Rennick,rrennick2p@msu.edu,Genderqueer,30.50.85.233
99,Rodi,Worthy,rworthy2q@pbs.org,Female,138.69.65.149
100,Wildon,Baiden,wbaiden2r@hostgator.com,Male,238.131.52.21
101,Duky,Yerborn,dyerborn2s@yahoo.com,Male,254.206.149.126
102,Kerrin,Osinin,kosinin2t@spiegel.de,Agender,206.2.190.128
103,Adrienne,Patley,apatley2u@vkontakte.ru,Female,8.96.215.102
104,Harp,Sanders,hsanders2v@lulu.com,Male,127.118.154.234
105,Melinda,Yurkiewicz,myurkiewicz2w@usgs.gov,Female,33.237.197.25
106,Lorelei,Ivel,livel2x@cbslocal.com,Female,212.29.176.3
107,Kenn,Estabrook,kestabrook2y@pagesperso-orange.fr,Male,229.247.221.128
108,Nealon,Ockleshaw,nockleshaw2z@hao123.com,Male,26.222.42.161
109,Arlinda,Yancey,ayancey30@discovery.com,Female,217.243.89.234
110,Silvan,Flipek,sflipek31@posterous.com,Male,59.162.165.183
111,Horatio,Barefoot,hbarefoot32@patch.com,Male,31.32.49.187
112,Juanita,Dumblton,jdumblton33@cloudflare.com,Female,140.31.126.146
113,Nikolaus,Camel,ncamel34@slate.com,Male,24.9.239.230
114,Gertrudis,Shephard,gshephard35@dyndns.org,Female,231.105.9.246
115,Shaine,Raggles,sraggles36@baidu.com,Female,115.82.63.41
116,Milo,Kenwell,mkenwell37@tuttocitta.it,Male,176.82.103.152
117,Ezri,Cettell,ecettell38@irs.gov,Male,246.185.23.213
118,Willdon,Lay,wlay39@amazonaws.com,Male,23.183.36.101
119,Nellie,Callery,ncallery3a@rediff.com,Female,163.176.62.96
120,Cliff,Luton,cluton3b@patch.com,Male,116.81.126.49
121,Chantal,Sell,csell3c@chronoengine.com,Female,196.239.143.36
122,Dasha,Crass,dcrass3d@godaddy.com,Female,208.0.148.119
123,Gretta,Francke,gfrancke3e@linkedin.com,Female,28.176.241.123
124,Annalee,Follett,afollett3f@instagram.com,Genderfluid,91.209.6.83
125,Catina,Bigland,cbigland3g@admin.ch,Female,16.194.26.125
126,Zulema,Calderon,zcalderon3h@feedburner.com,Female,239.62.172.93
127,Dennet,Guyonnet,dguyonnet3i@jalbum.net,Male,84.221.151.33
128,Barbaraanne,Oxenden,boxenden3j@princeton.edu,Female,153.29.99.250
129,Raviv,Demangeon,rdemangeon3k@mit.edu,Male,29.131.64.165
130,Julie,Jeffers,jjeffers3l@yahoo.co.jp,Bigender,80.80.154.63
131,Demetre,Goodwyn,dgoodwyn3m@businesswire.com,Male,237.75.154.239
132,Clair,MacGregor,cmacgregor3n@goo.ne.jp,Female,73.137.118.52
133,Bryant,Margerison,bmargerison3o@gov.uk,Male,138.241.145.105
134,Janos,Jain,jjain3p@wikispaces.com,Male,116.22.40.53
135,Edith,Wagge,ewagge3q@cisco.com,Female,26.33.22.31
136,Di,Nugent,dnugent3r@thetimes.co.uk,Female,27.128.175.195
137,Rita,Byk,rbyk3s@amazon.co.uk,Female,91.76.175.84
138,Kippie,Slack,kslack3t@g.co,Male,200.164.239.30
139,Tedda,Dall,tdall3u@free.fr,Female,96.207.144.15
140,Cissy,Hayen,chayen3v@timesonline.co.uk,Female,156.247.5.134
141,Linnell,Hailes,lhailes3w@hexun.com,Female,130.229.123.184
142,Minnnie,Licciardi,mlicciardi3x@biglobe.ne.jp,Female,86.28.250.223
143,Birgit,Blincoe,bblincoe3y@free.fr,Female,222.161.48.169
144,Weider,Bernhard,wbernhard3z@csmonitor.com,Male,106.181.139.56
145,Renato,Lowndes,rlowndes40@nydailynews.com,Male,50.90.5.58
146,Worden,Hammer,whammer41@dot.gov,Male,229.143.128.177
147,Oneida,Dyzart,odyzart42@ucoz.com,Female,232.82.45.200
148,Brion,Caswell,bcaswell43@ucla.edu,Male,75.228.103.71
149,Marlowe,Basillon,mbasillon44@gnu.org,Male,223.211.107.183
150,Gerard,Moreno,gmoreno45@nhs.uk,Male,112.40.164.169
151,Gerek,Stockdale,gstockdale46@ibm.com,Male,186.210.233.61
152,Jacquetta,Silkston,jsilkston47@twitter.com,Female,111.188.215.136
153,Calypso,Jerrom,cjerrom48@youku.com,Female,245.136.93.155
154,Franklyn,Toward,ftoward49@bing.com,Male,75.158.46.67
155,Hashim,O'Tuohy,hotuohy4a@google.nl,Male,242.181.189.146
156,Braden,Kidston,bkidston4b@google.co.jp,Male,52.1.185.24
157,Hephzibah,Borleace,hborleace4c@statcounter.com,Female,210.200.247.9
158,Micky,Canario,mcanario4d@webmd.com,Male,44.203.235.215
159,Mavra,Edlin,medlin4e@t-online.de,Female,206.204.77.54
160,Giusto,Figgs,gfiggs4f@youtube.com,Male,168.13.97.202
161,Garik,Starten,gstarten4g@dell.com,Male,81.253.81.205
162,Shoshanna,Orange,sorange4h@soup.io,Female,72.85.40.254
163,Jules,Gouldbourn,jgouldbourn4i@fotki.com,Male,154.41.45.236
164,Tabby,Cranston,tcranston4j@surveymonkey.com,Female,116.174.132.216
165,Tymothy,Ruperti,truperti4k@amazon.com,Male,50.176.167.146
166,Alick,Fowgies,afowgies4l@sakura.ne.jp,Male,134.226.94.230
167,Xymenes,Craze,xcraze4m@samsung.com,Male,199.118.143.51
168,Horst,O'Hartnedy,hohartnedy4n@netvibes.com,Male,236.95.57.102
169,Kennan,Sorrill,ksorrill4o@google.com.au,Male,167.82.181.133
170,Christy,Mongain,cmongain4p@java.com,Female,173.90.132.143
171,Pauly,Laurisch,plaurisch4q@sogou.com,Male,168.115.25.59
172,Archer,Bavidge,abavidge4r@admin.ch,Male,156.69.228.174
173,Marjorie,Wardhaw,mwardhaw4s@nydailynews.com,Female,224.169.200.28
174,Alwyn,Bushen,abushen4t@dion.ne.jp,Male,56.94.203.22
175,Armand,Fitchett,afitchett4u@army.mil,Male,247.54.100.51
176,Leontyne,Vaz,lvaz4v@businessinsider.com,Female,161.17.223.223
177,Dominique,Bragger,dbragger4w@shareasale.com,Male,108.191.176.22
178,Gil,Ivachyov,givachyov4x@psu.edu,Male,34.28.186.193
179,Goldi,Goalley,ggoalley4y@csmonitor.com,Female,38.43.127.227
180,Amberly,Bordiss,abordiss4z@cnbc.com,Female,12.241.53.42
181,Alphonso,Jellis,ajellis50@icio.us,Male,133.195.61.164
182,Trip,Motion,tmotion51@msu.edu,Male,76.252.115.130
183,Kippie,MacGuiness,kmacguiness52@cdc.gov,Male,233.228.135.80
184,Yolande,Castelli,ycastelli53@myspace.com,Female,197.117.120.180
185,Vincenty,Ayers,vayers54@jigsy.com,Male,173.74.5.93
186,Irving,Karpol,ikarpol55@de.vu,Male,189.20.159.149
187,Lionello,Kalaher,lkalaher56@privacy.gov.au,Male,70.31.219.3
188,Cesaro,Armstead,carmstead57@shutterfly.com,Male,26.42.26.45
189,Wilhelmine,Oguz,woguz58@sfgate.com,Female,211.98.95.32
190,Lewie,Pea,lpea59@yellowpages.com,Male,12.210.102.249
191,Hervey,Pashen,hpashen5a@ted.com,Male,28.156.204.36
192,Elmer,Fumagalli,efumagalli5b@freewebs.com,Male,217.123.208.35
193,Margarete,Rannie,mrannie5c@dagondesign.com,Female,65.69.129.16
194,Allie,Aireton,aaireton5d@upenn.edu,Agender,124.75.153.199
195,Coralyn,Geldeford,cgeldeford5e@dropbox.com,Polygender,193.182.186.42
196,Caspar,Owthwaite,cowthwaite5f@nbcnews.com,Male,157.235.251.23
197,Carolee,McIlvenny,cmcilvenny5g@hibu.com,Polygender,113.214.8.93
198,Cordy,Manus,cmanus5h@thetimes.co.uk,Male,193.228.10.134
199,Caldwell,Cessford,ccessford5i@usa.gov,Male,206.168.23.246
200,Fey,Micheli,fmicheli5j@mapy.cz,Female,217.111.105.118
201,Susannah,Sherville,ssherville5k@soundcloud.com,Polygender,212.208.128.85
202,Inglis,Penley,ipenley5l@woothemes.com,Male,225.135.137.12
203,Paulina,Andrzejewski,pandrzejewski5m@yellowbook.com,Female,39.248.39.0
204,Catlee,Abys,cabys5n@xrea.com,Female,74.179.141.0
205,Artemus,Acock,aacock5o@mit.edu,Male,85.237.60.140
206,Korney,Romanet,kromanet5p@cornell.edu,Female,226.51.144.107
207,Madeleine,Towne,mtowne5q@yelp.com,Female,178.64.92.149
208,Blythe,Thowless,bthowless5r@buzzfeed.com,Female,131.187.249.54
209,Oona,Navan,onavan5s@arizona.edu,Polygender,4.189.45.114
210,Miltie,Geater,mgeater5t@ucsd.edu,Genderqueer,40.196.168.204
211,Kerry,Hagston,khagston5u@cmu.edu,Bigender,6.121.218.200
212,Gertie,Bleasdille,gbleasdille5v@uol.com.br,Female,59.185.97.238
213,Denny,Meredyth,dmeredyth5w@wikispaces.com,Male,140.74.254.235
214,Jasen,Rewcastle,jrewcastle5x@facebook.com,Male,122.170.57.197
215,Gannie,Oatley,goatley5y@disqus.com,Male,61.160.100.234
216,Roch,Klyn,rklyn5z@archive.org,Female,170.162.89.35
217,Carlee,Van Castele,cvancastele60@moonfruit.com,Female,19.146.245.146
218,Delmar,Inglis,dinglis61@typepad.com,Male,1.243.155.245
219,Vanna,Szimoni,vszimoni62@phoca.cz,Female,68.11.71.226
220,Yancey,Dubois,ydubois63@cafepress.com,Male,171.35.123.183
221,Angie,MacKaile,amackaile64@aboutads.info,Male,26.236.61.202
222,Waneta,Danielsky,wdanielsky65@sfgate.com,Female,244.139.108.4
223,Joseito,Innis,jinnis66@1und1.de,Male,176.79.63.228
224,Odell,Pinchbeck,opinchbeck67@mysql.com,Male,54.140.232.201
225,Noelani,Cressy,ncressy68@cornell.edu,Female,33.28.196.95
226,Nilson,Strettell,nstrettell69@canalblog.com,Male,172.152.111.102
227,Osbert,Spalls,ospalls6a@shinystat.com,Male,252.37.209.189
228,Hugo,Wohlers,hwohlers6b@opensource.org,Male,144.236.181.120
229,Joshuah,Muffitt,jmuffitt6c@scientificamerican.com,Polygender,188.213.199.70
230,Bessie,Hopkins,bhopkins6d@reuters.com,Female,203.94.239.136
231,Hort,Kristufek,hkristufek6e@purevolume.com,Male,19.110.27.161
232,Conni,Scarlan,cscarlan6f@globo.com,Female,251.252.49.206
233,Shaylah,Uzelli,suzelli6g@usatoday.com,Genderfluid,84.249.5.203
234,Wilfrid,Jeves,wjeves6h@dell.com,Male,110.117.28.201
235,Loree,Aslen,laslen6i@bluehost.com,Female,252.217.242.10
236,Talyah,Syrad,tsyrad6j@yellowpages.com,Non-binary,175.4.172.226
237,Cordelie,Girkin,cgirkin6k@furl.net,Female,225.249.117.131
238,Cristi,Tenant,ctenant6l@sohu.com,Female,68.24.21.6
239,Liane,Rameaux,lrameaux6m@g.co,Non-binary,135.175.185.62
240,Elberta,Geeves,egeeves6n@4shared.com,Female,61.41.251.145
241,Thekla,Alenichicov,talenichicov6o@scientificamerican.com,Female,0.247.138.164
242,Cherri,Simenel,csimenel6p@ucoz.ru,Female,154.171.229.231
243,Winnah,Jaan,wjaan6q@foxnews.com,Agender,28.12.238.92
244,Felipa,McBratney,fmcbratney6r@un.org,Female,61.207.149.187
245,Laurice,O'Loughane,loloughane6s@artisteer.com,Female,157.108.146.71
246,Kirstyn,Haggeth,khaggeth6t@surveymonkey.com,Female,171.123.156.209
247,Dasha,Ramsby,dramsby6u@themeforest.net,Female,202.129.40.70
248,Cathleen,McCann,cmccann6v@soup.io,Female,50.34.45.176
249,Andreas,Norsister,anorsister6w@squarespace.com,Male,70.249.178.93
250,Carmella,Grace,cgrace6x@nyu.edu,Female,79.223.230.198
251,Ogdan,Carluccio,ocarluccio6y@yahoo.com,Agender,96.159.156.240
252,Yolanda,Setch,ysetch6z@dailymail.co.uk,Female,103.194.164.189
253,Doris,Cammoile,dcammoile70@google.fr,Female,135.119.209.180
254,Gram,Fearnall,gfearnall71@bing.com,Male,202.51.22.173
255,Wilbert,Dumbrall,wdumbrall72@dmoz.org,Male,149.31.147.42
256,Annice,Ambresin,aambresin73@marketwatch.com,Female,152.13.150.99
257,Prentiss,Cogin,pcogin74@blogger.com,Male,51.37.68.179
258,Ransom,Jancar,rjancar75@xinhuanet.com,Male,190.26.111.14
259,Mervin,Daud,mdaud76@loc.gov,Male,201.82.220.91
260,Eddi,Luby,eluby77@freewebs.com,Female,27.184.185.123
261,Caryl,Lawland,clawland78@eepurl.com,Male,199.188.223.5
262,Halli,Averies,haveries79@prweb.com,Female,255.232.10.231
263,Ethelbert,Longbone,elongbone7a@icio.us,Male,212.135.217.97
264,Eve,Crosi,ecrosi7b@reverbnation.com,Female,41.78.192.177
265,Goddart,Snoddon,gsnoddon7c@howstuffworks.com,Male,127.40.52.241
266,Archibaldo,Bruckman,abruckman7d@tinypic.com,Male,18.134.75.96
267,Byrle,Moneypenny,bmoneypenny7e@yellowpages.com,Male,32.104.222.5
268,Correy,Westbury,cwestbury7f@wufoo.com,Female,53.8.213.73
269,Gannon,Bugdell,gbugdell7g@who.int,Male,107.112.231.150
270,Ashlan,Domaschke,adomaschke7h@patch.com,Female,53.87.24.171
271,Harlan,Hearnaman,hhearnaman7i@rakuten.co.jp,Male,113.25.209.206
272,Richie,Allred,rallred7j@networkadvertising.org,Male,124.23.204.53
273,Lisle,Fansy,lfansy7k@symantec.com,Male,144.6.40.251
274,Durant,Eastgate,deastgate7l@deliciousdays.com,Male,209.175.208.138
275,Jaymee,Idiens,jidiens7m@goo.ne.jp,Female,203.178.101.21
276,Lizabeth,Itter,litter7n@amazon.de,Female,167.49.214.245
277,Russ,Gleeton,rgleeton7o@nps.gov,Male,23.125.146.226
278,Basil,Gamell,bgamell7p@vk.com,Male,174.218.127.129
279,Abbey,Toor,atoor7q@java.com,Female,175.9.194.243
280,Annalee,Robelin,arobelin7r@ft.com,Female,196.5.96.61
281,Lilia,Boness,lboness7s@yellowpages.com,Female,202.137.145.80
282,Rachele,Hebner,rhebner7t@de.vu,Female,118.3.62.126
283,Palm,Daouse,pdaouse7u@usatoday.com,Male,200.5.166.4
284,Loni,Grutchfield,lgrutchfield7v@google.com.au,Female,89.130.119.249
285,Vyky,O'Kennavain,vokennavain7w@smh.com.au,Female,39.161.5.170
286,Almire,Stennett,astennett7x@un.org,Female,141.219.154.243
287,Far,Prover,fprover7y@opensource.org,Male,127.242.221.46
288,Bessie,Shadfourth,bshadfourth7z@example.com,Female,96.12.23.236
289,Veronique,Dunthorne,vdunthorne80@elpais.com,Female,156.2.253.76
290,Jake,Rylstone,jrylstone81@vkontakte.ru,Male,63.56.24.93
291,Haroun,Dymidowicz,hdymidowicz82@geocities.jp,Male,57.120.80.21
292,Dewitt,Staynes,dstaynes83@sogou.com,Male,30.172.12.184
293,Wallis,Solleme,wsolleme84@microsoft.com,Male,83.130.69.244
294,Lemar,Maylin,lmaylin85@va.gov,Male,209.222.163.153
295,Dana,Loudwell,dloudwell86@bluehost.com,Female,93.136.194.114
296,Jacquenette,Boorman,jboorman87@cloudflare.com,Female,203.204.212.81
297,Flemming,Kittles,fkittles88@dion.ne.jp,Bigender,48.72.20.183
298,Jereme,Tommasi,jtommasi89@naver.com,Male,123.151.78.11
299,Gav,Shorbrook,gshorbrook8a@mit.edu,Male,80.147.138.232
300,Luce,Lumsdall,llumsdall8b@forbes.com,Male,240.4.34.133
301,Brunhilde,Saxby,bsaxby8c@paginegialle.it,Female,39.4.190.47
302,Diarmid,Piaggia,dpiaggia8d@princeton.edu,Male,239.125.65.210
303,Keelia,Eddicott,keddicott8e@devhub.com,Female,157.10.221.49
304,Reider,Bernaert,rbernaert8f@wiley.com,Male,157.234.134.175
305,Torry,McGinny,tmcginny8g@blogtalkradio.com,Male,196.77.46.99
306,Hollie,Bernadzki,hbernadzki8h@free.fr,Female,252.231.171.162
307,Cathlene,Earnshaw,cearnshaw8i@google.de,Female,224.194.75.116
308,Jamima,Lownsbrough,jlownsbrough8j@google.com.au,Agender,188.133.254.216
309,Dyann,Gayden,dgayden8k@cloudflare.com,Female,240.194.66.163
310,Mariya,Seeman,mseeman8l@whitehouse.gov,Female,211.195.2.15
311,Simonne,Frushard,sfrushard8m@wikimedia.org,Female,6.213.144.103
312,Terese,Revill,trevill8n@mac.com,Female,87.95.193.126
313,Peta,Harfleet,pharfleet8o@mapquest.com,Female,193.120.143.98
314,Augustin,Hegges,ahegges8p@oracle.com,Genderqueer,215.198.204.35
315,Shandra,Dilke,sdilke8q@arizona.edu,Female,168.192.40.116
316,Andria,Rubartelli,arubartelli8r@mtv.com,Female,66.245.157.35
317,Christoforo,Thorald,cthorald8s@narod.ru,Genderfluid,152.189.25.232
318,Marketa,Heephy,mheephy8t@nasa.gov,Female,89.219.30.166
319,Creigh,Camocke,ccamocke8u@princeton.edu,Male,132.95.197.12
320,Rosalinde,Dumini,rdumini8v@elpais.com,Female,12.254.128.97
321,Horst,Rehn,hrehn8w@diigo.com,Male,205.182.226.63
322,Mannie,Kerbey,mkerbey8x@cnbc.com,Male,231.223.249.79
323,Ursuline,Rogerot,urogerot8y@msu.edu,Female,211.66.178.207
324,Bette,Jorg,bjorg8z@hatena.ne.jp,Female,35.10.217.114
325,Oralia,Kinnie,okinnie90@hubpages.com,Female,62.108.94.182
326,Heather,Fendley,hfendley91@ask.com,Female,41.31.170.155
327,Ximenez,Sineath,xsineath92@mapquest.com,Male,241.180.57.241
328,Herrick,Helian,hhelian93@skyrock.com,Male,85.31.8.157
329,Kanya,Reide,kreide94@intel.com,Female,124.12.107.127
330,Kelley,Lotterington,klotterington95@usatoday.com,Female,114.166.111.155
331,Tyne,Donaho,tdonaho96@soundcloud.com,Female,178.89.235.250
332,Tomlin,Westerman,twesterman97@ucla.edu,Male,252.132.102.14
333,Marylin,Bearne,mbearne98@wikipedia.org,Female,28.196.182.137
334,Pascale,Reignard,preignard99@weather.com,Male,142.201.138.66
335,Rooney,Kenworthey,rkenworthey9a@mapquest.com,Male,150.103.219.210
336,Beck,Abreheart,babreheart9b@google.de,Male,26.183.19.20
337,Nefen,Harler,nharler9c@eventbrite.com,Male,20.16.104.172
338,Wenda,Gatheridge,wgatheridge9d@goodreads.com,Female,171.43.127.32
339,Allison,Teasell,ateasell9e@google.fr,Genderqueer,65.133.143.46
340,Tomas,Sein,tsein9f@exblog.jp,Male,211.165.41.217
341,Chaunce,Vineall,cvineall9g@msn.com,Male,77.251.66.156
342,Royall,Emer,remer9h@slideshare.net,Male,146.182.140.72
343,Hunter,Davidow,hdavidow9i@hao123.com,Male,144.65.157.219
344,Rand,Buesden,rbuesden9j@si.edu,Male,172.65.208.227
345,Tracie,Dowgill,tdowgill9k@usda.gov,Genderfluid,221.207.76.246
346,Bren,Farfolomeev,bfarfolomeev9l@webmd.com,Male,53.174.169.81
347,Filberto,Rief,frief9m@freewebs.com,Male,66.94.195.38
348,Kira,Prall,kprall9n@zdnet.com,Female,173.237.58.190
349,Celestyna,Elcoat,celcoat9o@discuz.net,Female,250.171.142.109
350,Toiboid,Sabberton,tsabberton9p@google.it,Male,10.48.151.173
351,Duane,Cicutto,dcicutto9q@businessweek.com,Male,19.25.82.150
352,Nealon,Nutt,nnutt9r@about.me,Male,85.90.197.136
353,Nolan,Toun,ntoun9s@discuz.net,Male,39.66.91.142
354,Marge,Roebuck,mroebuck9t@skyrock.com,Female,164.164.85.37
355,Danya,Stonelake,dstonelake9u@admin.ch,Female,29.174.129.13
356,Jenine,Dust,jdust9v@last.fm,Female,98.120.173.52
357,Kevina,Tidball,ktidball9w@examiner.com,Female,37.198.203.23
358,Carry,Finneran,cfinneran9x@archive.org,Female,194.143.185.198
359,Percy,Lindores,plindores9y@plala.or.jp,Male,213.162.88.102
360,Fianna,Grima,fgrima9z@cpanel.net,Agender,60.224.166.159
361,Rudie,Ackerman,rackermana0@virginia.edu,Male,230.239.174.236
362,Lawry,Mackerel,lmackerela1@exblog.jp,Male,134.249.243.156
363,Mirna,Vennings,mvenningsa2@simplemachines.org,Female,213.166.142.3
364,Kimball,Dowyer,kdowyera3@imdb.com,Male,18.86.47.120
365,Ferd,Coneybeare,fconeybearea4@weebly.com,Male,87.52.130.67
366,Fredrick,Donkersley,fdonkersleya5@123-reg.co.uk,Male,120.134.29.24
367,Clyve,Robins,crobinsa6@buzzfeed.com,Male,38.225.152.200
368,Baxy,Wolfers,bwolfersa7@whitehouse.gov,Male,85.111.254.104
369,Bernarr,Benedyktowicz,bbenedyktowicza8@liveinternet.ru,Male,249.95.34.40
370,Pamelina,Burniston,pburnistona9@biblegateway.com,Female,175.50.165.144
371,Maxy,Charlo,mcharloaa@ucla.edu,Male,235.46.208.221
372,Cloe,Dennes,cdennesab@chron.com,Female,187.94.148.168
373,Janeen,McConnel,jmcconnelac@cafepress.com,Female,191.0.229.147
374,Isabelita,Fruen,ifruenad@scientificamerican.com,Female,80.5.188.103
375,Marwin,Fackney,mfackneyae@desdev.cn,Male,235.0.58.91
376,Phylys,Baert,pbaertaf@wiley.com,Female,116.90.235.41
377,Sterling,Drillingcourt,sdrillingcourtag@boston.com,Male,16.94.163.19
378,Janessa,Tearny,jtearnyah@go.com,Female,4.11.98.35
379,Andria,Skones,askonesai@indiatimes.com,Female,164.37.142.74
380,Payton,Ganford,pganfordaj@baidu.com,Genderqueer,68.233.155.211
381,Hobie,Berrecloth,hberreclothak@unc.edu,Male,153.213.202.179
382,Etheline,Tesauro,etesauroal@trellian.com,Female,52.139.183.17
383,Joane,Clearie,jclearieam@quantcast.com,Agender,248.9.2.144
384,Carey,Covington,ccovingtonan@networksolutions.com,Male,31.65.7.232
385,Francesca,Droghan,fdroghanao@studiopress.com,Female,107.32.66.156
386,Geordie,Purcell,gpurcellap@etsy.com,Male,249.19.202.23
387,Nessy,Gobat,ngobataq@meetup.com,Female,84.222.102.31
388,Rosabel,Eayres,reayresar@naver.com,Female,14.108.114.105
389,Rafferty,Lievesley,rlievesleyas@princeton.edu,Male,193.172.2.143
390,Asher,Gerlts,agerltsat@home.pl,Male,229.125.137.85
391,Jermayne,Caris,jcarisau@wunderground.com,Male,212.226.213.3
392,Hayyim,Warsop,hwarsopav@pinterest.com,Male,1.253.58.127
393,Prudence,Sessuns,psessunsaw@twitter.com,Female,212.180.80.105
394,Lars,Elmore,lelmoreax@hubpages.com,Male,99.69.206.228
395,Francisco,Needham,fneedhamay@slashdot.org,Male,35.57.22.197
396,Malorie,Juzek,mjuzekaz@abc.net.au,Genderqueer,115.241.74.27
397,Aurel,Tewkesberrie,atewkesberrieb0@deviantart.com,Female,45.71.15.42
398,Weber,Royds,wroydsb1@about.me,Male,213.169.48.137
399,Pedro,Sebert,psebertb2@joomla.org,Male,218.152.117.178
400,Dallas,Cana,dcanab3@oaic.gov.au,Female,115.253.185.98
401,Mandi,Dominiak,mdominiakb4@cafepress.com,Female,136.212.40.104
402,Dinny,Lampaert,dlampaertb5@wp.com,Female,36.56.56.15
403,Beilul,Hobson,bhobsonb6@paginegialle.it,Female,121.1.151.233
404,Lynnet,Tulley,ltulleyb7@com.com,Female,76.32.29.220
405,Lura,Bereford,lberefordb8@google.cn,Female,62.110.83.24
406,Araldo,Gayter,agayterb9@facebook.com,Male,48.38.136.224
407,Markus,De Normanville,mdenormanvilleba@noaa.gov,Male,32.205.139.84
408,Morty,Clougher,mclougherbb@imdb.com,Male,1.33.168.252
409,Davie,Alesio,dalesiobc@abc.net.au,Male,106.10.219.73
410,Evy,Kleinstub,ekleinstubbd@bloglines.com,Female,211.160.31.185
411,Gaspar,Flannery,gflannerybe@myspace.com,Male,62.201.22.24
412,Gran,Chatteris,gchatterisbf@bing.com,Polygender,107.80.227.222
413,Cristina,Punshon,cpunshonbg@google.it,Female,29.204.200.105
414,Frederico,Craker,fcrakerbh@xing.com,Male,23.191.44.70
415,Ashlen,Howsego,ahowsegobi@slate.com,Female,82.42.27.5
416,Toma,Djurkovic,tdjurkovicbj@miitbeian.gov.cn,Female,60.34.202.246
417,Denys,Rennolds,drennoldsbk@smugmug.com,Female,6.117.106.40
418,Robenia,Ferrulli,rferrullibl@acquirethisname.com,Female,76.200.149.83
419,Glad,Roubottom,groubottombm@washington.edu,Female,148.183.71.226
420,Jessey,Reville,jrevillebn@360.cn,Male,240.104.128.96
421,Kevin,Falks,kfalksbo@sakura.ne.jp,Male,221.9.225.118
422,Hobard,Jeste,hjestebp@toplist.cz,Male,246.58.112.87
423,Jesse,Murie,jmuriebq@amazonaws.com,Male,181.167.236.235
424,Sabina,Gopsall,sgopsallbr@ucla.edu,Female,109.248.226.23
425,Janek,Tappor,jtapporbs@live.com,Male,164.82.247.100
426,Afton,Denizet,adenizetbt@zimbio.com,Agender,228.103.35.15
427,Bethena,Brainsby,bbrainsbybu@seattletimes.com,Female,120.184.222.62
428,Ines,Isaksen,iisaksenbv@seattletimes.com,Female,172.145.150.20
429,Conroy,Titterell,ctitterellbw@wunderground.com,Male,26.191.71.51
430,Tabby,McKimmie,tmckimmiebx@blinklist.com,Male,28.118.236.109
431,Sacha,Abate,sabateby@yahoo.co.jp,Female,191.96.218.75
432,Oates,Wolfe,owolfebz@google.it,Male,223.114.174.190
433,Karolina,Pionter,kpionterc0@cbc.ca,Female,158.203.5.188
434,Clayborn,Rigden,crigdenc1@time.com,Male,65.35.254.135
435,Chrotoem,Pennycord,cpennycordc2@irs.gov,Male,54.139.24.219
436,Patrizius,Hightown,phightownc3@geocities.com,Polygender,80.111.164.215
437,Victoria,Yakobovicz,vyakoboviczc4@furl.net,Female,78.68.125.35
438,Hansiain,Hilling,hhillingc5@omniture.com,Male,188.24.6.64
439,Dallis,Lambole,dlambolec6@cbslocal.com,Male,137.44.157.182
440,Wrennie,Dedon,wdedonc7@trellian.com,Female,86.111.164.1
441,Henry,Cassie,hcassiec8@myspace.com,Genderfluid,242.21.86.241
442,Cash,Kimbley,ckimbleyc9@illinois.edu,Male,233.113.39.245
443,Kerstin,Clayton,kclaytonca@uiuc.edu,Female,210.128.85.37
444,Theressa,Chaffen,tchaffencb@upenn.edu,Female,6.235.149.144
445,Darby,Worham,dworhamcc@newyorker.com,Female,119.17.101.38
446,Catherin,Aiton,caitoncd@miibeian.gov.cn,Female,92.96.253.224
447,Allina,Kelsell,akelsellce@telegraph.co.uk,Female,163.115.166.134
448,Elisa,Jarret,ejarretcf@dmoz.org,Genderfluid,242.124.219.61
449,Cecilio,Swalowe,cswalowecg@lycos.com,Male,84.228.42.178
450,Neddy,Planke,nplankech@drupal.org,Male,65.23.126.37
451,Roderick,Alvaro,ralvaroci@jigsy.com,Male,22.92.75.192
452,Arley,Foulis,afouliscj@virginia.edu,Male,164.0.191.239
453,Adaline,Adami,aadamick@histats.com,Female,83.130.30.173
454,Gawain,Haszard,ghaszardcl@aol.com,Male,208.41.56.222
455,Tailor,Riply,triplycm@merriam-webster.com,Male,196.254.12.58
456,Nessy,Winpenny,nwinpennycn@joomla.org,Female,208.55.113.227
457,Bonni,Willcocks,bwillcocksco@chicagotribune.com,Female,198.85.71.118
458,Laryssa,Henriet,lhenrietcp@xrea.com,Female,102.225.244.18
459,Margery,Towe,mtowecq@furl.net,Female,41.126.208.168
460,Woodie,Raffles,wrafflescr@uol.com.br,Male,161.79.206.204
461,Padriac,Mostyn,pmostyncs@wiley.com,Male,149.124.103.195
462,Sybil,Belasco,sbelascoct@cafepress.com,Genderfluid,178.235.3.82
463,Raymond,Barefoot,rbarefootcu@cisco.com,Male,63.173.82.207
464,Francisco,Wiffield,fwiffieldcv@tiny.cc,Male,81.167.49.21
465,Shaun,Pulsford,spulsfordcw@shop-pro.jp,Male,179.83.26.179
466,Tamera,Grime,tgrimecx@issuu.com,Bigender,213.94.197.114
467,Erskine,Thorn,ethorncy@goodreads.com,Male,109.141.2.158
468,Saxe,Ascraft,sascraftcz@mysql.com,Male,172.133.13.235
469,Sherie,Dalli,sdallid0@usgs.gov,Female,192.57.103.14
470,Curtis,Malshinger,cmalshingerd1@mozilla.com,Male,26.213.69.141
471,Crichton,Ollerearnshaw,collerearnshawd2@cnn.com,Male,243.235.192.189
472,Rayshell,Williscroft,rwilliscroftd3@ifeng.com,Polygender,17.159.220.169
473,Rupert,Haselgrove,rhaselgroved4@dagondesign.com,Male,230.106.221.98
474,Marisa,Ricold,mricoldd5@un.org,Female,215.169.121.185
475,Giovanni,Bohman,gbohmand6@opensource.org,Male,217.150.77.192
476,Pail,Martinetto,pmartinettod7@cdbaby.com,Genderfluid,45.118.204.251
477,Edouard,Yakovitch,eyakovitchd8@goodreads.com,Male,15.90.10.114
478,Denyse,Kittle,dkittled9@nbcnews.com,Female,165.24.231.102
479,Marja,Grane,mgraneda@cornell.edu,Female,48.31.188.98
480,Roderick,Meachan,rmeachandb@mapy.cz,Male,62.206.212.225
481,Stacey,Critchley,scritchleydc@wufoo.com,Female,68.239.191.114
482,Roslyn,Cosh,rcoshdd@rediff.com,Female,140.76.73.28
483,Sascha,Gresswell,sgresswellde@sun.com,Female,39.159.135.104
484,Cully,Daniau,cdaniaudf@pbs.org,Male,174.154.222.132
485,Helenelizabeth,Donnel,hdonneldg@mediafire.com,Female,144.226.58.241
486,Jameson,Gerdts,jgerdtsdh@liveinternet.ru,Male,92.201.166.147
487,Devan,Pree,dpreedi@last.fm,Female,240.171.11.198
488,Florette,Battle,fbattledj@kickstarter.com,Female,192.113.22.3
489,Jordon,Crayke,jcraykedk@qq.com,Male,184.88.227.251
490,Bax,Cajkler,bcajklerdl@alibaba.com,Genderqueer,137.12.162.165
491,Paxon,Cook,pcookdm@cbc.ca,Male,10.69.212.198
492,Melloney,Attow,mattowdn@nba.com,Female,8.134.50.181
493,Corinna,Matveiko,cmatveikodo@friendfeed.com,Female,80.201.88.201
494,Hershel,Yacob,hyacobdp@symantec.com,Agender,239.72.68.226
495,Raye,Isham,rishamdq@shareasale.com,Female,40.182.94.94
496,Joycelin,Bilam,jbilamdr@wiley.com,Female,46.169.15.197
497,Chicky,Wardlow,cwardlowds@webmd.com,Male,233.93.162.182
498,Cahra,Vanelli,cvanellidt@sciencedirect.com,Female,198.107.85.78
499,Aurelia,Jirasek,ajirasekdu@dailymail.co.uk,Female,148.237.255.164
500,Perren,Gare,pgaredv@wufoo.com,Bigender,180.237.180.103
501,Even,Szwarc,eszwarcdw@auda.org.au,Male,135.232.134.67
502,Karly,Eagger,keaggerdx@twitter.com,Female,141.26.59.6
503,Glennie,Pawlowicz,gpawlowiczdy@amazon.co.jp,Bigender,110.216.193.206
504,Dreddy,Clamo,dclamodz@alexa.com,Female,103.48.167.109
505,Vikki,Neylan,vneylane0@google.ru,Female,62.233.198.116
506,Padgett,Kopke,pkopkee1@tmall.com,Male,238.195.35.130
507,Henrik,Thynne,hthynnee2@123-reg.co.uk,Male,67.221.117.116
508,Gwendolen,Kiss,gkisse3@furl.net,Female,221.241.219.99
509,Holmes,Milnthorpe,hmilnthorpee4@home.pl,Male,83.11.101.23
510,Brittany,Lapthorne,blapthornee5@epa.gov,Female,213.8.180.69
511,Ross,Brugmann,rbrugmanne6@gnu.org,Male,69.137.59.67
512,Lianne,Brickett,lbrickette7@reference.com,Female,177.20.145.34
513,Jillene,Ewebank,jewebanke8@army.mil,Female,151.153.254.56
514,Mattie,Penk,mpenke9@dmoz.org,Male,23.197.108.66
515,Ellis,Fedynski,efedynskiea@macromedia.com,Male,180.249.248.43
516,Twila,Tempest,ttempesteb@jigsy.com,Female,210.30.218.43
517,Charo,Lenney,clenneyec@baidu.com,Female,28.23.105.30
518,Pascale,Marde,pmardeed@omniture.com,Male,176.168.33.195
519,Ambrose,Plinck,aplinckee@smugmug.com,Male,146.253.83.73
520,Davide,Carloni,dcarlonief@livejournal.com,Male,216.120.106.90
521,Adara,Shortland,ashortlandeg@issuu.com,Non-binary,189.196.119.177
522,Marwin,Folker,mfolkereh@ifeng.com,Male,26.118.135.47
523,Cullen,Shaplin,cshaplinei@msu.edu,Male,126.114.139.8
524,Beulah,Flude,bfludeej@parallels.com,Female,130.174.225.91
525,Miranda,Drance,mdranceek@spiegel.de,Female,2.136.111.9
526,Felicity,Nunns,fnunnsel@ebay.co.uk,Female,23.68.70.20
527,Lane,Mullord,lmullordem@acquirethisname.com,Female,174.23.1.121
528,Giusto,Wilsdon,gwilsdonen@blinklist.com,Male,172.230.49.101
529,Lori,Sketchley,lsketchleyeo@flickr.com,Genderfluid,144.157.188.51
530,Woodie,Bernath,wbernathep@washington.edu,Male,20.3.149.228
531,Goran,Blackwell,gblackwelleq@quantcast.com,Polygender,225.83.61.249
532,Katalin,Leport,kleporter@discovery.com,Female,82.252.153.192
533,Terri,Montilla,tmontillaes@blogs.com,Male,14.227.245.174
534,Roger,MacGarrity,rmacgarrityet@si.edu,Male,197.236.202.208
535,Iver,Jenkins,ijenkinseu@walmart.com,Male,45.124.121.11
536,Townsend,Szymaniak,tszymaniakev@myspace.com,Male,117.245.176.97
537,Petey,Upston,pupstonew@a8.net,Male,214.44.142.50
538,Rodie,Gwilt,rgwiltex@newsvine.com,Female,234.93.188.175
539,Elayne,Cowdry,ecowdryey@1688.com,Female,99.42.167.76
540,Bennie,Grissett,bgrissettez@dot.gov,Male,117.59.53.71
541,Grazia,Scathard,gscathardf0@si.edu,Female,160.252.159.88
542,Imogene,Mylchreest,imylchreestf1@nbcnews.com,Female,197.142.157.88
543,Teirtza,Tight,ttightf2@infoseek.co.jp,Genderfluid,88.155.52.153
544,Joline,Shalders,jshaldersf3@bandcamp.com,Female,26.194.173.200
545,Nanette,Rumsey,nrumseyf4@tiny.cc,Female,101.111.32.119
546,Patin,Caurah,pcaurahf5@cnet.com,Male,231.26.201.30
547,Yolane,McBride,ymcbridef6@free.fr,Female,240.50.240.255
548,Peter,Jobbins,pjobbinsf7@purevolume.com,Male,179.141.138.41
549,Frazer,Clews,fclewsf8@instagram.com,Male,136.36.106.138
550,Stanislas,Lyste,slystef9@usda.gov,Male,82.119.129.104
551,Waldo,Stredwick,wstredwickfa@nsw.gov.au,Male,166.219.232.71
552,Shir,Janew,sjanewfb@google.it,Female,117.48.45.221
553,Cordy,Andrusyak,candrusyakfc@comsenz.com,Male,39.24.241.251
554,Lilly,Jepson,ljepsonfd@mapy.cz,Female,45.162.172.42
555,Petronia,Rounsivall,prounsivallfe@people.com.cn,Female,159.22.174.111
556,Viviyan,Duthie,vduthieff@sun.com,Female,72.147.174.108
557,Todd,Febvre,tfebvrefg@plala.or.jp,Male,156.241.147.202
558,Dominick,Thaw,dthawfh@exblog.jp,Male,182.42.234.192
559,Fernande,Pantone,fpantonefi@ustream.tv,Female,11.64.101.9
560,Leonard,Priestland,lpriestlandfj@multiply.com,Male,37.224.141.202
561,Arlene,Glasper,aglasperfk@constantcontact.com,Female,4.132.186.182
562,Lambert,McGenis,lmcgenisfl@ebay.co.uk,Male,242.26.13.19
563,Leontyne,Le Surf,llesurffm@jugem.jp,Female,107.178.152.217
564,Rae,Derye-Barrett,rderyebarrettfn@nationalgeographic.com,Female,80.97.214.80
565,Imelda,Tingly,itinglyfo@yahoo.com,Female,182.163.35.216
566,Marlane,Domenichini,mdomenichinifp@umn.edu,Female,40.112.211.167
567,Patience,Barthrop,pbarthropfq@nydailynews.com,Female,182.177.236.171
568,Elysee,Frowd,efrowdfr@hp.com,Female,159.131.33.123
569,Jerrylee,Woolaghan,jwoolaghanfs@wikispaces.com,Female,17.95.202.90
570,Mauricio,Baldock,mbaldockft@yale.edu,Male,24.151.56.96
571,Morgana,Denyukin,mdenyukinfu@live.com,Female,66.130.49.250
572,Heinrik,Erett,herettfv@qq.com,Male,169.213.55.132
573,Kaine,Beagley,kbeagleyfw@scribd.com,Male,158.219.158.11
574,Sibylla,Capsey,scapseyfx@usgs.gov,Female,6.244.5.35
575,Gertrud,Castane,gcastanefy@yolasite.com,Female,111.237.108.180
576,Hurleigh,Grinnov,hgrinnovfz@si.edu,Male,124.21.121.132
577,Wiley,Hugnot,whugnotg0@opera.com,Male,163.45.88.64
578,Karrie,Neasam,kneasamg1@narod.ru,Female,89.38.234.62
579,Emmanuel,Defrain,edefraing2@hc360.com,Male,66.61.2.115
580,Fergus,Bruineman,fbruinemang3@washington.edu,Male,50.66.79.254
581,Auberta,Misselbrook,amisselbrookg4@webnode.com,Female,248.148.162.89
582,Kassie,Johnigan,kjohnigang5@csmonitor.com,Female,134.243.211.151
583,Latrena,Vawton,lvawtong6@php.net,Female,231.10.31.245
584,Mozes,Ort,mortg7@wikimedia.org,Male,40.24.103.125
585,Marjory,Gilbanks,mgilbanksg8@washingtonpost.com,Female,24.5.163.138
586,Jannel,Cotterel,jcotterelg9@edublogs.org,Female,217.206.127.212
587,Adham,Walling,awallingga@foxnews.com,Male,220.243.236.191
588,Lonee,Vedekhin,lvedekhingb@discovery.com,Female,133.128.186.104
589,Paco,Lippingwell,plippingwellgc@kickstarter.com,Male,127.79.44.170
590,Roderigo,Shenfish,rshenfishgd@zimbio.com,Male,153.17.92.178
591,Elwira,Stansbie,estansbiege@timesonline.co.uk,Female,181.163.62.97
592,Euell,Flowerdew,eflowerdewgf@com.com,Male,188.5.246.205
593,Giorgi,Moralis,gmoralisgg@noaa.gov,Male,117.251.206.35
594,Margaretha,Bonsul,mbonsulgh@foxnews.com,Female,130.139.156.96
595,Fabien,O'Geaney,fogeaneygi@china.com.cn,Male,84.181.11.65
596,Raul,Divell,rdivellgj@nationalgeographic.com,Male,160.54.58.31
597,Isak,Kimmins,ikimminsgk@friendfeed.com,Male,111.30.104.76
598,Mariejeanne,McGowran,mmcgowrangl@live.com,Female,194.116.166.218
599,Dallis,Pughsley,dpughsleygm@statcounter.com,Male,197.236.28.67
600,Keeley,Marians,kmariansgn@merriam-webster.com,Female,33.76.195.202
601,Simone,Burnyeat,sburnyeatgo@hc360.com,Female,11.150.221.207
602,Georgiana,Feasey,gfeaseygp@360.cn,Female,196.190.112.79
603,Cirilo,Tunna,ctunnagq@samsung.com,Male,9.12.141.57
604,Hazel,Bowers,hbowersgr@istockphoto.com,Male,174.129.71.87
605,Talia,Stalman,tstalmangs@themeforest.net,Female,235.43.161.150
606,Petr,Chinnock,pchinnockgt@wikia.com,Male,122.90.234.215
607,Ronalda,Oldale,roldalegu@parallels.com,Female,89.0.224.84
608,Tabitha,Burdon,tburdongv@furl.net,Female,22.135.31.52
609,Hedwiga,Bentke,hbentkegw@sbwire.com,Female,67.37.222.206
610,Correy,Trangmar,ctrangmargx@about.me,Female,196.110.162.193
611,Karim,Crop,kcropgy@comsenz.com,Male,42.211.19.228
612,Shelagh,Creboe,screboegz@multiply.com,Female,147.9.41.76
613,Dukey,Gillies,dgilliesh0@sitemeter.com,Male,232.117.133.177
614,Witty,Ixer,wixerh1@deviantart.com,Male,117.87.205.153
615,Yale,Karolczyk,ykarolczykh2@usatoday.com,Male,187.110.117.123
616,Sadella,Ghiotto,sghiottoh3@dell.com,Female,116.181.250.248
617,Stearn,Kollasch,skollaschh4@bbb.org,Male,89.124.26.102
618,Felic,Haggata,fhaggatah5@ucoz.com,Male,185.186.147.47
619,Justis,McGowing,jmcgowingh6@jigsy.com,Male,173.30.94.121
620,Alon,Wellfare,awellfareh7@friendfeed.com,Male,224.52.88.139
621,Maynord,Probet,mprobeth8@wisc.edu,Male,128.181.111.206
622,Augustina,Dellit,adellith9@dagondesign.com,Female,227.224.203.195
623,Margalo,Mundall,mmundallha@smh.com.au,Female,142.143.154.134
624,Katey,Dickin,kdickinhb@wunderground.com,Female,143.254.77.27
625,Amabel,Tregaskis,atregaskishc@yelp.com,Female,142.178.175.149
626,Anders,Schimank,aschimankhd@elpais.com,Male,244.204.173.239
627,Lacie,Leinthall,lleinthallhe@hao123.com,Female,247.184.177.88
628,Laurianne,Woodsford,lwoodsfordhf@gravatar.com,Female,86.168.84.208
629,Pascale,MacIntyre,pmacintyrehg@is.gd,Male,102.42.63.105
630,Smitty,Tyre,styrehh@accuweather.com,Male,180.19.194.105
631,Myra,Lipmann,mlipmannhi@senate.gov,Female,49.4.68.254
632,Quentin,Browett,qbrowetthj@freewebs.com,Male,44.192.141.115
633,Stanton,Tather,statherhk@nature.com,Male,145.131.53.248
634,Benetta,Fennessy,bfennessyhl@rambler.ru,Female,194.84.16.31
635,Bethany,Simson,bsimsonhm@eepurl.com,Female,95.128.77.187
636,Clarette,Hannond,channondhn@mit.edu,Female,71.208.121.152
637,Oran,Shakespear,oshakespearho@w3.org,Male,18.6.122.10
638,Cornelia,Gavaran,cgavaranhp@desdev.cn,Female,158.58.147.82
639,Zia,Hundall,zhundallhq@histats.com,Female,73.41.72.27
640,Elvis,Deluze,edeluzehr@canalblog.com,Male,66.12.78.50
641,Dominik,McPhate,dmcphatehs@sina.com.cn,Male,249.4.87.138
642,Nick,Pendrid,npendridht@youtu.be,Male,196.88.110.64
643,Lynnea,Yeomans,lyeomanshu@examiner.com,Female,41.246.121.45
644,Abigale,Beckmann,abeckmannhv@sfgate.com,Female,114.168.230.225
645,Lilli,Stemp,lstemphw@51.la,Female,25.46.125.106
646,Roz,MacKellen,rmackellenhx@twitpic.com,Female,135.84.6.29
647,Amye,Bellenie,abelleniehy@imdb.com,Female,224.225.89.69
648,Bartlett,Bamblett,bbambletthz@bbb.org,Male,173.84.203.221
649,Kliment,Waitland,kwaitlandi0@upenn.edu,Male,91.50.143.219
650,Pincus,Cordelle,pcordellei1@ed.gov,Male,178.105.79.242
651,Pegeen,Farnish,pfarnishi2@amazon.co.jp,Female,168.227.58.118
652,Hillie,Petchey,hpetcheyi3@ed.gov,Male,202.223.158.194
653,Ralf,Pohling,rpohlingi4@twitter.com,Male,170.254.214.23
654,Jemmie,Uzzell,juzzelli5@sciencedirect.com,Female,253.52.222.62
655,Hubie,Rousel,hrouseli6@typepad.com,Male,252.39.33.220
656,Hadlee,Snartt,hsnartti7@reverbnation.com,Male,166.32.158.178
657,Barnebas,Pracy,bpracyi8@theatlantic.com,Male,110.84.153.102
658,Marcello,Elderbrant,melderbranti9@bloglovin.com,Male,28.226.168.75
659,Johann,Licciardiello,jlicciardielloia@upenn.edu,Male,162.177.37.53
660,Angel,McNirlan,amcnirlanib@ox.ac.uk,Female,113.29.17.4
661,Kenna,Crone,kcroneic@redcross.org,Female,54.104.203.60
662,Brendin,Bails,bbailsid@google.fr,Male,82.135.83.75
663,Marv,Caghan,mcaghanie@economist.com,Non-binary,13.207.85.207
664,Sofie,Raun,sraunif@facebook.com,Female,73.149.34.203
665,Sybilla,Geertsen,sgeertsenig@usa.gov,Female,156.167.200.152
666,Lou,Pepperd,lpepperdih@flavors.me,Male,32.171.218.25
667,Elisha,Knowling,eknowlingii@seattletimes.com,Female,103.243.109.233
668,Giordano,Baglan,gbaglanij@mapy.cz,Male,180.48.82.198
669,Yance,Sivyour,ysivyourik@printfriendly.com,Male,94.126.143.88
670,Isaiah,Farndale,ifarndaleil@mashable.com,Male,104.215.32.110
671,Fredrika,Yole,fyoleim@edublogs.org,Female,211.84.239.180
672,Orland,Sebyer,osebyerin@nature.com,Genderfluid,175.38.82.146
673,Abraham,Elwel,aelwelio@hud.gov,Male,184.211.90.66
674,Moreen,Loveless,mlovelessip@wikimedia.org,Female,204.235.191.158
675,Cornell,Gommowe,cgommoweiq@taobao.com,Male,166.80.36.97
676,Minni,Ber,mberir@cdbaby.com,Female,194.35.172.195
677,Jeane,Sturridge,jsturridgeis@sfgate.com,Female,138.102.42.127
678,Kore,Jupe,kjupeit@wp.com,Female,81.97.13.122
679,Ernest,Rickerd,erickerdiu@princeton.edu,Male,0.107.230.212
680,Fanya,Noller,fnolleriv@eepurl.com,Female,212.196.96.60
681,Errick,Posselwhite,eposselwhiteiw@prweb.com,Male,189.202.30.28
682,Olympe,Allberry,oallberryix@jiathis.com,Female,238.26.105.71
683,Julio,Wohler,jwohleriy@php.net,Male,86.76.77.16
684,Winnie,O'Hartagan,wohartaganiz@51.la,Female,17.185.59.230
685,Dru,Bronot,dbronotj0@cam.ac.uk,Male,229.22.254.216
686,Zerk,Pilpovic,zpilpovicj1@meetup.com,Male,176.141.23.130
687,Lulita,Weatherell,lweatherellj2@bigcartel.com,Female,126.145.141.214
688,Nadeen,Bretton,nbrettonj3@jalbum.net,Non-binary,167.62.51.74
689,Der,Cowmeadow,dcowmeadowj4@dropbox.com,Male,113.48.47.108
690,Augusto,Moynham,amoynhamj5@weebly.com,Male,223.181.162.97
691,Kristofer,Hufton,khuftonj6@nyu.edu,Male,226.25.77.29
692,Mellie,Errington,merringtonj7@cocolog-nifty.com,Female,55.76.70.249
693,Antonin,Madoc-Jones,amadocjonesj8@nbcnews.com,Male,216.11.40.223
694,Laird,Dowe,ldowej9@boston.com,Male,199.172.98.195
695,Robbert,Kleeborn,rkleebornja@about.me,Male,198.115.29.82
696,Lorelei,Decker,ldeckerjb@furl.net,Female,213.65.187.79
697,Kristine,Niccols,kniccolsjc@ycombinator.com,Female,208.131.149.186
698,Charmaine,Werrilow,cwerrilowjd@dell.com,Female,120.72.2.228
699,Lolita,Cuckson,lcucksonje@google.pl,Female,115.71.221.131
700,Keely,Stelfax,kstelfaxjf@huffingtonpost.com,Female,91.19.80.77
701,Adrianna,Newlands,anewlandsjg@tumblr.com,Female,223.57.132.219
702,Berget,Lyfe,blyfejh@sciencedirect.com,Female,179.76.19.87
703,Keven,Blundel,kblundelji@woothemes.com,Male,203.77.168.17
704,Virginie,Klousner,vklousnerjj@nhs.uk,Female,75.17.100.204
705,Cecily,Wardhough,cwardhoughjk@adobe.com,Female,112.57.105.102
706,Kelli,Lawrey,klawreyjl@icq.com,Female,15.237.51.209
707,Rhianon,Manna,rmannajm@samsung.com,Female,66.118.192.113
708,Korry,Fraser,kfraserjn@amazon.com,Female,170.181.19.152
709,Fleur,Ringsell,fringselljo@ehow.com,Female,57.63.152.24
710,Prescott,Girodier,pgirodierjp@ow.ly,Male,204.37.236.76
711,Gayelord,Tustin,gtustinjq@mashable.com,Male,105.208.146.94
712,Padraig,Loosmore,ploosmorejr@nifty.com,Male,186.253.49.140
713,Dolly,Mowsdale,dmowsdalejs@google.co.uk,Female,107.47.132.79
714,Tory,Napolione,tnapolionejt@alexa.com,Female,96.23.94.34
715,Claire,Byard,cbyardju@squidoo.com,Male,243.30.64.235
716,Junina,Robardley,jrobardleyjv@walmart.com,Female,126.109.246.183
717,Emanuele,Mayworth,emayworthjw@ca.gov,Male,165.233.77.241
718,Pablo,Ashbrook,pashbrookjx@angelfire.com,Male,76.18.187.241
719,Victoir,Trematick,vtrematickjy@umich.edu,Male,148.188.134.124
720,Kora,Mumbray,kmumbrayjz@epa.gov,Female,178.53.56.205
721,Isabeau,McIllrick,imcillrickk0@washington.edu,Female,121.208.118.185
722,Rosaline,Ropp,rroppk1@ox.ac.uk,Female,21.179.74.236
723,Editha,Lea,eleak2@cmu.edu,Female,105.47.134.247
724,Carolynn,Jopling,cjoplingk3@nydailynews.com,Female,6.72.250.196
725,Caspar,Busson,cbussonk4@i2i.jp,Male,253.169.72.191
726,Corey,Spelman,cspelmank5@ustream.tv,Non-binary,177.78.190.168
727,Annabell,Kobieriecki,akobierieckik6@chronoengine.com,Female,7.48.112.15
728,Happy,Ginni,hginnik7@weebly.com,Female,81.44.76.82
729,Kean,Allday,kalldayk8@hhs.gov,Male,54.115.101.163
730,Gustave,Erat,geratk9@cdc.gov,Male,98.117.16.211
731,Amandi,Drysdall,adrysdallka@hatena.ne.jp,Polygender,190.104.88.77
732,Ciel,Melbourne,cmelbournekb@apple.com,Female,14.76.125.120
733,Evie,Bickardike,ebickardikekc@nba.com,Female,217.8.135.194
734,Amargo,Tieraney,atieraneykd@wikipedia.org,Female,81.39.76.10
735,Zahara,Rydeard,zrydeardke@ow.ly,Female,26.236.29.203
736,Honor,Annion,hannionkf@linkedin.com,Female,62.137.214.69
737,Shaine,Dundridge,sdundridgekg@printfriendly.com,Male,168.191.131.144
738,Tatum,Glasper,tglasperkh@technorati.com,Agender,49.89.251.207
739,Aland,Grigoliis,agrigoliiski@theguardian.com,Male,28.66.64.44
740,Doralia,Harley,dharleykj@furl.net,Female,88.172.175.50
741,Purcell,Soares,psoareskk@washington.edu,Male,41.33.10.146
742,Cheston,Redfield,credfieldkl@soup.io,Bigender,237.15.83.75
743,Emmie,McNirlan,emcnirlankm@yellowbook.com,Female,167.51.173.158
744,Burton,Naris,bnariskn@mac.com,Male,187.239.210.135
745,Chas,Churchard,cchurchardko@springer.com,Male,230.133.218.218
746,Levin,Kingzet,lkingzetkp@washington.edu,Male,153.128.214.39
747,Hieronymus,Fontelles,hfontelleskq@sourceforge.net,Male,41.127.115.39
748,Janet,Found,jfoundkr@webnode.com,Female,145.30.227.234
749,Freddy,Stuart,fstuartks@washingtonpost.com,Male,58.61.161.200
750,Quinlan,Vasovic,qvasovickt@blinklist.com,Male,223.216.9.26
751,Marietta,Espadater,mespadaterku@google.com.br,Bigender,108.168.139.153
752,Juan,Jeffree,jjeffreekv@wix.com,Male,62.22.9.34
753,Stormie,Lowrie,slowriekw@skyrock.com,Female,160.255.64.104
754,Veriee,Jorio,vjoriokx@rediff.com,Female,228.242.7.241
755,Elvira,Lye,elyeky@discovery.com,Female,226.179.65.156
756,Erroll,Nockles,enockleskz@dedecms.com,Male,0.90.124.87
757,Gennifer,Dressel,gdressell0@biglobe.ne.jp,Female,80.103.115.64
758,Charleen,Aspinall,caspinalll1@blinklist.com,Female,81.194.22.31
759,Jone,Spier,jspierl2@spotify.com,Male,101.82.148.35
760,Kerri,Acheson,kachesonl3@a8.net,Female,74.206.33.41
761,Carmon,Goodram,cgoodraml4@stumbleupon.com,Polygender,54.148.180.176
762,Malena,Innett,minnettl5@go.com,Female,128.30.45.103
763,Standford,Portress,sportressl6@infoseek.co.jp,Genderfluid,210.35.250.195
764,Amy,McNally,amcnallyl7@google.com.hk,Female,7.189.183.169
765,Ophelie,Barrasse,obarrassel8@goodreads.com,Non-binary,111.84.61.156
766,Pepillo,Sallinger,psallingerl9@bloglines.com,Male,255.58.9.206
767,Stesha,Hurche,shurchela@mapy.cz,Female,53.39.167.41
768,Salvador,Ormshaw,sormshawlb@dot.gov,Non-binary,20.215.5.53
769,Maximilian,Revey,mreveylc@altervista.org,Male,46.161.81.84
770,Malissa,Goodread,mgoodreadld@163.com,Female,127.153.72.102
771,Pieter,McClintock,pmcclintockle@pen.io,Male,169.5.237.249
772,Barton,Conrath,bconrathlf@youtu.be,Male,135.244.200.116
773,Vinnie,Strewther,vstrewtherlg@bloomberg.com,Male,238.37.58.116
774,Richart,Brede,rbredelh@toplist.cz,Male,218.51.56.242
775,Linus,Gozzard,lgozzardli@yale.edu,Male,16.74.38.165
776,Dara,Coultar,dcoultarlj@discovery.com,Female,3.224.200.56
777,Dorena,D'Andrea,ddandrealk@google.es,Bigender,153.206.146.98
778,Virginie,Smullen,vsmullenll@de.vu,Female,7.242.130.28
779,Bonni,Philipsson,bphilipssonlm@nyu.edu,Female,66.1.127.35
780,Malachi,Rozenzweig,mrozenzweigln@ucoz.ru,Male,98.77.120.135
781,Elset,Rowden,erowdenlo@theatlantic.com,Female,138.122.209.208
782,Thorin,Zaple,tzaplelp@bloglovin.com,Male,150.159.111.121
783,Corrianne,Prinett,cprinettlq@vistaprint.com,Female,246.218.98.94
784,Agretha,Parr,aparrlr@angelfire.com,Female,235.161.218.156
785,Belvia,Squibbes,bsquibbesls@hao123.com,Female,8.109.200.216
786,Reese,Hamsson,rhamssonlt@berkeley.edu,Male,123.119.114.46
787,Wileen,Causey,wcauseylu@arizona.edu,Female,139.103.19.0
788,Doug,Starkie,dstarkielv@oaic.gov.au,Male,243.232.231.79
789,Vaughan,Tegeller,vtegellerlw@uol.com.br,Non-binary,67.166.165.58
790,Rriocard,Burchill,rburchilllx@umn.edu,Male,70.63.10.229
791,Cosme,Leel,cleelly@merriam-webster.com,Male,250.232.135.173
792,Terese,Smallcomb,tsmallcomblz@paginegialle.it,Female,38.230.70.222
793,Garik,McCarlie,gmccarliem0@irs.gov,Male,166.58.37.107
794,Davon,Gronowe,dgronowem1@geocities.com,Male,52.152.140.114
795,Madella,Agglio,maggliom2@jimdo.com,Female,147.15.221.122
796,Billy,Galland,bgallandm3@unc.edu,Male,162.162.48.135
797,Francine,Miebes,fmiebesm4@ted.com,Female,230.138.147.200
798,Danila,Edinburgh,dedinburghm5@canalblog.com,Female,28.51.92.23
799,Bennie,Ruthen,bruthenm6@woothemes.com,Male,90.134.106.206
800,Celestia,Fredson,cfredsonm7@discuz.net,Female,102.231.107.24
801,Hazel,Wheildon,hwheildonm8@over-blog.com,Male,118.200.50.166
802,Germayne,Ormerod,gormerodm9@flickr.com,Male,61.39.83.147
803,Samuele,Hallward,shallwardma@china.com.cn,Non-binary,251.208.16.1
804,Brok,Smickle,bsmicklemb@columbia.edu,Male,200.237.134.182
805,Carroll,Dionisetti,cdionisettimc@github.io,Female,198.215.61.139
806,Gratiana,Fishpond,gfishpondmd@nifty.com,Female,174.37.172.164
807,Kriste,Gother,kgotherme@berkeley.edu,Female,9.24.109.185
808,Far,Keegan,fkeeganmf@instagram.com,Male,56.195.250.121
809,Spike,Stockey,sstockeymg@ovh.net,Male,122.40.51.65
810,Birgitta,Coath,bcoathmh@miitbeian.gov.cn,Female,81.77.242.253
811,Evania,Archley,earchleymi@yellowbook.com,Female,236.106.199.77
812,Adaline,Astbery,aastberymj@de.vu,Female,188.141.127.206
813,Slade,Bennallck,sbennallckmk@ftc.gov,Male,124.58.98.169
814,Rozanne,Asling,raslingml@nymag.com,Female,101.95.183.242
815,Christabella,Reubens,creubensmm@businessinsider.com,Female,26.46.83.231
816,Kikelia,Covelle,kcovellemn@ed.gov,Female,49.189.96.131
817,Ahmad,Hardman,ahardmanmo@imdb.com,Male,157.85.142.82
818,Gerianne,Edmund,gedmundmp@angelfire.com,Female,127.202.242.51
819,Don,Pizzey,dpizzeymq@last.fm,Male,187.138.161.134
820,Krishnah,Wrotham,kwrothammr@wiley.com,Male,77.192.59.77
821,Zebedee,Pauluzzi,zpauluzzims@goo.ne.jp,Male,105.69.163.97
822,Stuart,Itzkovitch,sitzkovitchmt@biblegateway.com,Male,163.86.249.141
823,Charita,Czaja,cczajamu@sourceforge.net,Female,127.21.201.176
824,Madison,Beeken,mbeekenmv@nhs.uk,Male,182.227.248.142
825,Stearn,Taylorson,staylorsonmw@vimeo.com,Male,170.255.167.177
826,Moss,Whitcher,mwhitchermx@newyorker.com,Male,224.145.101.227
827,Jammal,McGaugie,jmcgaugiemy@wordpress.org,Male,4.135.238.39
828,Evvy,Banck,ebanckmz@exblog.jp,Female,181.26.164.58
829,Gardy,Henri,ghenrin0@guardian.co.uk,Male,211.132.20.80
830,Adi,Lyte,alyten1@seattletimes.com,Female,36.26.112.193
831,Leland,Drowsfield,ldrowsfieldn2@comcast.net,Female,222.27.167.215
832,Billy,Huck,bhuckn3@un.org,Female,106.76.83.47
833,Annora,Skeete,askeeten4@ebay.co.uk,Female,15.124.213.52
834,Durante,Deakan,ddeakann5@huffingtonpost.com,Male,28.189.235.137
835,Urbain,Loiterton,uloitertonn6@nasa.gov,Male,216.151.190.242
836,Win,Clethro,wclethron7@netscape.com,Male,145.197.18.0
837,Idelle,Filippone,ifilipponen8@linkedin.com,Female,187.138.97.197
838,Gussie,Stubbin,gstubbinn9@flickr.com,Female,89.154.58.119
839,Everard,Roobottom,eroobottomna@yahoo.com,Male,213.203.184.6
840,Gannie,Allington,gallingtonnb@cmu.edu,Male,89.51.114.100
841,Thorin,Stollenhof,tstollenhofnc@studiopress.com,Male,33.165.58.14
842,Caryl,Dow,cdownd@istockphoto.com,Male,251.2.83.207
843,Olympia,Accomb,oaccombne@sogou.com,Female,34.126.237.110
844,Karmen,Tomasini,ktomasininf@deviantart.com,Genderfluid,226.97.155.121
845,Garold,Fargher,gfargherng@imageshack.us,Male,161.7.45.211
846,Euphemia,Esparza,eesparzanh@php.net,Female,161.43.230.144
847,Carolin,Dominique,cdominiqueni@cbslocal.com,Female,66.133.68.186
848,Florette,Slatten,fslattennj@deviantart.com,Female,6.105.55.31
849,Britta,Dullingham,bdullinghamnk@alexa.com,Female,19.67.254.143
850,Miguelita,Lyddy,mlyddynl@wikimedia.org,Female,13.73.254.123
851,Garry,Blackboro,gblackboronm@booking.com,Male,209.49.43.111
852,Marlane,Dory,mdorynn@upenn.edu,Female,52.25.0.172
853,Anneliese,Mielnik,amielnikno@netscape.com,Female,199.87.63.140
854,Mile,Davenhill,mdavenhillnp@meetup.com,Male,101.2.61.146
855,Susie,Stivani,sstivaninq@toplist.cz,Female,246.224.127.181
856,Demetrius,Giggie,dgiggienr@aboutads.info,Male,219.23.70.98
857,Glenden,Ofener,gofenerns@joomla.org,Male,240.251.65.69
858,Fania,Grinham,fgrinhamnt@i2i.jp,Female,195.73.83.198
859,Halette,Kershaw,hkershawnu@i2i.jp,Female,142.234.177.231
860,Yankee,Eighteen,yeighteennv@homestead.com,Male,243.202.180.78
861,Kalvin,Cashin,kcashinnw@flickr.com,Male,118.13.160.155
862,Marvin,Berk,mberknx@loc.gov,Male,148.36.207.254
863,Ninnetta,Heiden,nheidenny@blogs.com,Female,133.131.173.129
864,Elianore,Machan,emachannz@vistaprint.com,Agender,239.111.155.35
865,Terrel,Abramchik,tabramchiko0@sina.com.cn,Male,70.139.46.198
866,Crystal,Avo,cavoo1@dell.com,Female,187.244.138.170
867,Zuzana,Grigorian,zgrigoriano2@microsoft.com,Female,198.15.8.172
868,Alford,Poyle,apoyleo3@fda.gov,Male,5.224.177.102
869,Lief,Daborne,ldaborneo4@hatena.ne.jp,Male,114.143.2.106
870,Lorens,Murrhardt,lmurrhardto5@icio.us,Male,157.22.165.37
871,Lyle,Lum,llumo6@dot.gov,Male,40.85.108.197
872,Norri,Marner,nmarnero7@un.org,Female,21.247.204.155
873,Alberik,McReidy,amcreidyo8@printfriendly.com,Male,197.119.13.35
874,Bryon,Fuentez,bfuentezo9@cyberchimps.com,Male,135.12.195.245
875,Gasparo,Dory,gdoryoa@edublogs.org,Male,31.88.108.86
876,Clarabelle,Yakubowicz,cyakubowiczob@techcrunch.com,Female,132.61.110.40
877,Stanwood,Florentine,sflorentineoc@cdbaby.com,Male,161.235.39.164
878,Devonna,Meah,dmeahod@state.tx.us,Female,72.217.226.100
879,Standford,Cottel,scotteloe@biblegateway.com,Male,66.18.47.242
880,Gerti,Sponton,gspontonof@nih.gov,Genderqueer,167.71.211.107
881,Niccolo,Hacket,nhacketog@bravesites.com,Male,33.171.220.114
882,Yvor,Byham,ybyhamoh@forbes.com,Male,244.56.190.116
883,Gaston,Veltmann,gveltmannoi@csmonitor.com,Male,17.101.14.76
884,Alikee,Spelwood,aspelwoodoj@cdc.gov,Female,206.223.142.29
885,Simon,Tenny,stennyok@mlb.com,Male,201.30.73.105
886,Heddie,McElwee,hmcelweeol@noaa.gov,Female,152.29.60.61
887,Helen,Mc Coughan,hmccoughanom@gravatar.com,Female,182.33.27.118
888,Costa,Trude,ctrudeon@a8.net,Male,60.87.94.84
889,Hale,Redihough,hredihoughoo@princeton.edu,Male,140.30.145.201
890,Gabrila,Pauley,gpauleyop@google.ru,Female,248.169.238.123
891,Peyton,Somersett,psomersettoq@newsvine.com,Male,200.44.172.0
892,Jacquelynn,Argyle,jargyleor@bigcartel.com,Agender,205.128.69.200
893,Marius,Tincknell,mtincknellos@psu.edu,Male,249.231.22.138
894,Vladimir,Enbury,venburyot@gravatar.com,Male,242.192.43.124
895,Cyril,Stoddard,cstoddardou@squarespace.com,Male,172.41.216.175
896,Callida,Mordin,cmordinov@forbes.com,Bigender,183.207.160.243
897,Forrest,Raubenheimer,fraubenheimerow@mediafire.com,Male,35.143.55.158
898,Netty,Mulvey,nmulveyox@fda.gov,Female,73.21.183.56
899,Abbie,Landsborough,alandsboroughoy@dyndns.org,Female,22.142.241.4
900,Rene,Halley,rhalleyoz@stumbleupon.com,Female,248.76.255.187
901,Say,Renard,srenardp0@ucoz.ru,Male,198.212.66.202
902,Malachi,Davitashvili,mdavitashvilip1@unicef.org,Male,145.124.157.207
903,Karlik,Meneux,kmeneuxp2@miitbeian.gov.cn,Male,224.54.233.172
904,Sheelagh,Camfield,scamfieldp3@shareasale.com,Female,180.208.32.206
905,Addison,Chard,achardp4@github.io,Male,238.194.125.126
906,Derrik,Paunton,dpauntonp5@1688.com,Male,9.0.8.80
907,Micheil,Ferier,mferierp6@de.vu,Male,114.183.121.194
908,Cristionna,Tidswell,ctidswellp7@skyrock.com,Female,173.38.207.50
909,Marlyn,Allmann,mallmannp8@cbslocal.com,Female,117.67.182.104
910,Chick,Hindenburg,chindenburgp9@lulu.com,Male,147.70.232.31
911,Giselbert,Baradel,gbaradelpa@netvibes.com,Male,171.188.161.27
912,Phoebe,Hedling,phedlingpb@hp.com,Female,187.222.29.196
913,Robinett,Rosenblatt,rrosenblattpc@dailymail.co.uk,Female,98.139.27.96
914,Fanchette,Massard,fmassardpd@google.es,Female,95.55.164.29
915,Leontine,Ghiriardelli,lghiriardellipe@facebook.com,Female,138.199.195.68
916,Hedvige,Itskovitz,hitskovitzpf@facebook.com,Female,50.216.117.39
917,Cary,Moorrud,cmoorrudpg@ebay.com,Female,128.173.128.240
918,Darice,Garioch,dgariochph@intel.com,Female,211.161.33.130
919,Maximo,Aust,maustpi@prweb.com,Male,194.216.237.114
920,Darcy,Tamsett,dtamsettpj@hexun.com,Male,145.197.81.148
921,Sherry,Boughton,sboughtonpk@fema.gov,Female,160.205.244.30
922,Sergeant,Barrar,sbarrarpl@sakura.ne.jp,Male,217.13.94.161
923,Willem,Beaty,wbeatypm@smh.com.au,Male,182.176.200.107
924,Shell,Biesinger,sbiesingerpn@sitemeter.com,Male,25.223.10.203
925,Val,Farrar,vfarrarpo@topsy.com,Male,121.176.151.185
926,Gregor,Stapforth,gstapforthpp@opensource.org,Male,164.77.154.104
927,Juieta,Sanford,jsanfordpq@columbia.edu,Female,152.181.255.197
928,Cheston,Dood,cdoodpr@google.ca,Male,237.83.180.107
929,Nanon,Lowseley,nlowseleyps@sfgate.com,Polygender,43.182.239.99
930,Roxi,Thecham,rthechampt@nytimes.com,Female,201.244.24.202
931,Cointon,Roja,crojapu@1und1.de,Male,220.243.35.191
932,Herbie,Emons,hemonspv@typepad.com,Male,192.247.205.198
933,Pall,Drewell,pdrewellpw@w3.org,Male,97.121.225.47
934,Querida,Spindler,qspindlerpx@ca.gov,Female,49.230.19.110
935,Howard,Sipson,hsipsonpy@noaa.gov,Male,155.132.125.100
936,Fleming,Clinch,fclinchpz@abc.net.au,Genderqueer,59.217.105.54
937,Jacinda,Lemoir,jlemoirq0@wp.com,Female,78.202.60.97
938,Mervin,Tessyman,mtessymanq1@trellian.com,Male,208.127.100.96
939,Basilio,Bolin,bbolinq2@theglobeandmail.com,Male,72.59.198.102
940,Teodoor,MacBain,tmacbainq3@plala.or.jp,Male,69.110.3.119
941,Alameda,Beggs,abeggsq4@ucoz.ru,Female,166.135.127.58
942,Waylin,enzley,wenzleyq5@ow.ly,Male,65.34.198.98
943,Raffarty,Marjanski,rmarjanskiq6@stumbleupon.com,Male,75.99.200.2
944,Lila,Sharpley,lsharpleyq7@spotify.com,Female,220.45.247.219
945,Everett,Hendrick,ehendrickq8@elpais.com,Male,171.218.216.31
946,Loren,Schnitter,lschnitterq9@intel.com,Female,65.211.78.209
947,Garvy,McKim,gmckimqa@epa.gov,Male,234.225.140.153
948,Sally,Helin,shelinqb@free.fr,Female,186.29.114.128
949,Jard,Kittow,jkittowqc@sohu.com,Male,119.49.99.62
950,Garnet,Manvell,gmanvellqd@360.cn,Genderqueer,25.42.154.120
951,Mira,Jepps,mjeppsqe@noaa.gov,Female,25.186.198.209
952,Aldridge,McHarry,amcharryqf@usnews.com,Male,85.216.13.33
953,Frederik,Gillingwater,fgillingwaterqg@ebay.co.uk,Male,50.102.111.105
954,Blayne,McGray,bmcgrayqh@biblegateway.com,Male,252.255.5.168
955,Merlina,Enders,mendersqi@yandex.ru,Bigender,4.45.127.8
956,Vanessa,Glasspoole,vglasspooleqj@webeden.co.uk,Female,118.172.214.41
957,Frank,Milby,fmilbyqk@disqus.com,Female,247.146.175.247
958,Nertie,Crombleholme,ncrombleholmeql@about.com,Female,157.107.134.38
959,Jackquelin,Lobell,jlobellqm@godaddy.com,Female,253.109.227.129
960,Ernestus,Spileman,espilemanqn@issuu.com,Male,142.113.91.111
961,Stormi,Embery,semberyqo@webmd.com,Female,202.134.75.105
962,Jose,Probets,jprobetsqp@csmonitor.com,Male,201.162.84.102
963,Tiena,Felten,tfeltenqq@marketwatch.com,Female,161.9.192.25
964,Shayla,Lahy,slahyqr@ifeng.com,Female,137.217.156.156
965,Corrie,Jeanin,cjeaninqs@mac.com,Male,126.103.217.197
966,Meta,Facchini,mfacchiniqt@scientificamerican.com,Female,93.84.106.141
967,Annamarie,Glendzer,aglendzerqu@123-reg.co.uk,Polygender,193.164.183.153
968,Lydon,Eskrick,leskrickqv@parallels.com,Male,81.2.49.132
969,Lauritz,Worge,lworgeqw@soundcloud.com,Male,46.240.81.108
970,Dolly,Winspar,dwinsparqx@tinyurl.com,Female,57.158.147.58
971,Olympia,Hargreaves,ohargreavesqy@cnn.com,Female,192.4.21.116
972,Arny,Mar,amarqz@tinypic.com,Male,118.2.171.214
973,Harmonie,Devorill,hdevorillr0@networkadvertising.org,Female,53.160.137.137
974,Mechelle,Dienes,mdienesr1@ucoz.com,Genderqueer,36.180.156.1
975,Roldan,Gainforth,rgainforthr2@jiathis.com,Bigender,216.212.94.252
976,Madonna,Mealham,mmealhamr3@sciencedirect.com,Bigender,55.243.14.144
977,Fabian,Humbell,fhumbellr4@technorati.com,Male,196.62.199.146
978,Caesar,Ludford,cludfordr5@bluehost.com,Male,171.246.119.22
979,Dominique,Craik,dcraikr6@xinhuanet.com,Female,194.101.25.95
980,Nessie,Laurenzi,nlaurenzir7@diigo.com,Female,57.255.135.160
981,Bobbe,Jackman,bjackmanr8@umn.edu,Female,176.190.186.191
982,Bordie,Laurentin,blaurentinr9@utexas.edu,Genderqueer,4.64.200.234
983,Dolph,Stanton,dstantonra@geocities.com,Male,215.17.241.87
984,Vanny,Norgate,vnorgaterb@storify.com,Female,180.39.129.68
985,Dallon,Gasking,dgaskingrc@jiathis.com,Agender,161.55.68.193
986,Danny,McAlester,dmcalesterrd@disqus.com,Female,143.42.3.155
987,Adoree,Vause,avausere@sina.com.cn,Female,248.227.49.253
988,Randal,Bouda,rboudarf@people.com.cn,Male,215.148.230.100
989,Boony,McKag,bmckagrg@cnbc.com,Male,5.84.77.168
990,Lurette,Kaszper,lkaszperrh@indiatimes.com,Female,102.253.221.63
991,Tobie,Lisciandri,tlisciandriri@sciencedirect.com,Agender,224.193.170.243
992,Agace,Ucchino,aucchinorj@sourceforge.net,Female,12.35.129.238
993,Lisbeth,Treadway,ltreadwayrk@skype.com,Female,172.108.62.9
994,Keane,Heisham,kheishamrl@weather.com,Male,203.52.146.191
995,Silvio,Heskin,sheskinrm@adobe.com,Male,44.38.159.239
996,Shurlock,Scothorne,sscothornern@yelp.com,Male,243.244.219.246
997,Malvin,Lavigne,mlavignero@canalblog.com,Male,153.208.79.212
998,Alvis,Stebbin,astebbinrp@dell.com,Male,64.176.172.36
999,Alberik,MacLice,amaclicerq@lulu.com,Male,137.103.250.152
1000,Christiano,McOnie,cmconierr@cyberchimps.com,Male,80.98.122.179
