id,first_name,last_name,email,gender,age
1,Elyse,D'Alessio,edalessio0@upenn.edu,Female,48
2,Josh,Ganniclifft,jganniclifft1@theglobeandmail.com,Male,17
3,Jedediah,Swift,jswift2@wikimedia.org,Male,34
4,Aubree,Steddall,asteddall3@apache.org,Female,31
5,Moselle,Gilleon,mgilleon4@sogou.com,Female,16
6,Gabriell,Arrighi,garrighi5@skype.com,Female,69
7,Loutitia,Dockery,ldockery6@timesonline.co.uk,Female,9
8,Mannie,Oldman,moldman7@thetimes.co.uk,Male,19
9,Colman,Jochanany,cjochanany8@comsenz.com,Male,41
10,Faunie,Lackinton,flackinton9@soundcloud.com,Female,61
11,Muffin,Killough,mkillougha@sourceforge.net,Male,57
12,Pauly,Gillani,pgillanib@constantcontact.com,Polygender,43
13,Devland,Rand,drandc@usa.gov,Male,51
14,Odey,Klehyn,oklehynd@youtu.be,Male,49
15,Meade,Spurge,mspurgee@typepad.com,Female,1
16,Massimo,Lowther,mlowtherf@ning.com,Polygender,11
17,Dee dee,Arnfield,darnfieldg@rediff.com,Female,40
18,Myrta,Pendrid,mpendridh@house.gov,Female,55
19,Anabelle,Autry,aautryi@mac.com,Female,13
20,Nichole,Arboine,narboinej@cisco.com,Male,27
21,Felic,Minger,fmingerk@cdbaby.com,Male,58
22,Richardo,Shrubb,rshrubbl@nasa.gov,Male,7
23,Dianemarie,Doni,ddonim@meetup.com,Female,10
24,Candace,Gent,cgentn@ibm.com,Female,21
25,Albertine,Philippault,aphilippaulto@edublogs.org,Female,50
26,Griswold,Dace,gdacep@washingtonpost.com,Male,40
27,Arlette,Ruggs,aruggsq@typepad.com,Female,21
28,Doralynn,Povey,dpoveyr@wunderground.com,Female,52
29,Kellyann,Sedgefield,ksedgefields@time.com,Female,60
30,Merwin,Crehan,mcrehant@smugmug.com,Male,52
31,Consuelo,Gemeau,cgemeauu@illinois.edu,Bigender,6
32,Cathlene,Janton,cjantonv@squidoo.com,Female,10
33,Cordi,Palmby,cpalmbyw@canalblog.com,Female,35
34,Sigrid,Stelle,sstellex@mozilla.org,Female,44
35,Pietrek,Pitchford,ppitchfordy@quantcast.com,Male,14
36,Alden,Sparhawk,asparhawkz@irs.gov,Male,1
37,Teresita,Measures,tmeasures10@blogtalkradio.com,Non-binary,69
38,Roley,Langstone,rlangstone11@google.cn,Male,62
39,Glennie,Arniz,garniz12@comsenz.com,Female,60
40,Jarrett,Bridgeland,jbridgeland13@engadget.com,Male,32
41,Angie,Donovin,adonovin14@wunderground.com,Male,67
42,Dina,Skpsey,dskpsey15@fotki.com,Female,53
43,Daile,O' Flaherty,doflaherty16@icq.com,Female,31
44,Martynne,Tinner,mtinner17@addthis.com,Female,68
45,Raquel,Albarez,ralbarez18@edublogs.org,Agender,40
46,Lew,Tixall,ltixall19@desdev.cn,Male,15
47,Erminie,Leving,eleving1a@state.tx.us,Female,51
48,Chet,Swait,cswait1b@rambler.ru,Male,64
49,Guss,Strafford,gstrafford1c@senate.gov,Male,37
50,Mischa,Nacci,mnacci1d@github.io,Male,25
51,Rolando,Birks,rbirks1e@netvibes.com,Male,59
52,Cairistiona,Crudginton,ccrudginton1f@google.es,Female,14
53,Thedric,Banasiak,tbanasiak1g@cargocollective.com,Male,7
54,Karola,Stapells,kstapells1h@unc.edu,Female,40
55,Robinett,Liddy,rliddy1i@economist.com,Bigender,47
56,Katlin,Deble,kdeble1j@mozilla.com,Female,56
57,Tore,Bynold,tbynold1k@yandex.ru,Male,58
58,Delmor,De Bruyn,ddebruyn1l@usda.gov,Male,2
59,Gasper,Bugge,gbugge1m@netvibes.com,Agender,51
60,Devora,Bonhomme,dbonhomme1n@gov.uk,Polygender,20
61,Maisie,Loker,mloker1o@arizona.edu,Female,66
62,Abbi,Jerson,ajerson1p@usa.gov,Female,60
63,Darcy,Iorillo,diorillo1q@multiply.com,Male,21
64,Rayner,Dudny,rdudny1r@studiopress.com,Male,62
65,Salaidh,Collymore,scollymore1s@bbc.co.uk,Female,33
66,Kailey,Cypler,kcypler1t@plala.or.jp,Female,32
67,Gertrude,Spenton,gspenton1u@netvibes.com,Female,53
68,Lyndsay,Preddy,lpreddy1v@zimbio.com,Female,2
69,Garrott,Quilliam,gquilliam1w@barnesandnoble.com,Male,12
70,Prentiss,McIsaac,pmcisaac1x@omniture.com,Male,47
71,Dedie,Styant,dstyant1y@fastcompany.com,Female,58
72,Danica,Amori,damori1z@dot.gov,Female,58
73,Rozella,Guillart,rguillart20@google.ca,Female,9
74,Skye,Muirden,smuirden21@hatena.ne.jp,Genderfluid,30
75,Jephthah,Southon,jsouthon22@virginia.edu,Male,66
76,Malvin,Sandcraft,msandcraft23@ucoz.com,Male,70
77,Joceline,Curley,jcurley24@biblegateway.com,Genderqueer,20
78,Merry,Joiris,mjoiris25@chicagotribune.com,Male,52
79,Kala,Larive,klarive26@ovh.net,Female,58
80,Nell,Slaten,nslaten27@businesswire.com,Female,16
81,Blondy,Oldland,boldland28@discuz.net,Female,65
82,Montague,Iacobucci,miacobucci29@barnesandnoble.com,Male,60
83,Theo,Bartels,tbartels2a@vistaprint.com,Female,12
84,Nancy,Kielt,nkielt2b@tmall.com,Female,7
85,Augustin,Costelloe,acostelloe2c@prweb.com,Male,48
86,Aguie,Umbers,aumbers2d@guardian.co.uk,Male,14
87,Desmund,Crisp,dcrisp2e@github.com,Male,25
88,Janetta,MacIver,jmaciver2f@google.co.jp,Female,38
89,Oliy,Elcum,oelcum2g@washington.edu,Female,17
90,Poppy,Berrey,pberrey2h@economist.com,Female,8
91,Krishnah,Gauche,kgauche2i@gravatar.com,Male,3
92,Cybil,Stoving,cstoving2j@wikispaces.com,Genderqueer,5
93,Milly,Decayette,mdecayette2k@sourceforge.net,Female,58
94,Sutherlan,Jiggle,sjiggle2l@mayoclinic.com,Male,29
95,Kelby,Lichtfoth,klichtfoth2m@1688.com,Bigender,24
96,Thorny,Brookz,tbrookz2n@e-recht24.de,Male,21
97,Vincenz,Muzzollo,vmuzzollo2o@nationalgeographic.com,Male,26
98,Edwina,Parsonage,eparsonage2p@acquirethisname.com,Female,41
99,Minta,Skurray,mskurray2q@360.cn,Genderfluid,2
100,Barrett,Coombes,bcoombes2r@odnoklassniki.ru,Male,29
101,Derrick,McQuillin,dmcquillin2s@hao123.com,Male,42
102,Mari,Elam,melam2t@go.com,Female,69
103,Hobard,Kobsch,hkobsch2u@furl.net,Male,41
104,Karla,Nisard,knisard2v@google.es,Female,36
105,Eunice,Fernier,efernier2w@blogspot.com,Female,56
106,Myrwyn,Bettleson,mbettleson2x@indiegogo.com,Male,20
107,Denny,Leverton,dleverton2y@wikia.com,Male,26
108,Binky,Hailey,bhailey2z@ifeng.com,Male,59
109,Chase,Severs,csevers30@msn.com,Male,28
110,Johann,Sinnatt,jsinnatt31@mayoclinic.com,Male,60
111,Woody,Northrop,wnorthrop32@globo.com,Male,13
112,Nickola,Tippell,ntippell33@fc2.com,Male,45
113,Donni,Bendig,dbendig34@theguardian.com,Female,63
114,Sabine,Fossett,sfossett35@salon.com,Female,30
115,Padraic,Danilovich,pdanilovich36@gmpg.org,Genderfluid,57
116,Riane,Ferrucci,rferrucci37@behance.net,Non-binary,24
117,Chester,Witton,cwitton38@privacy.gov.au,Male,66
118,Leonelle,Kilfeder,lkilfeder39@ft.com,Female,5
119,Delly,Christauffour,dchristauffour3a@gov.uk,Female,28
120,Valerie,Sabater,vsabater3b@vkontakte.ru,Genderfluid,42
121,Teressa,Punshon,tpunshon3c@cornell.edu,Female,51
122,Kristel,Calfe,kcalfe3d@instagram.com,Female,56
123,Elia,Friatt,efriatt3e@artisteer.com,Agender,20
124,Hewie,Trank,htrank3f@deviantart.com,Male,21
125,Matthiew,Farthin,mfarthin3g@blogs.com,Male,40
126,Dimitri,Orrice,dorrice3h@narod.ru,Male,18
127,Alec,Blyth,ablyth3i@ask.com,Male,5
128,Di,Kezar,dkezar3j@irs.gov,Female,7
129,Glen,Perocci,gperocci3k@amazon.de,Male,53
130,Hortensia,Cahani,hcahani3l@is.gd,Female,25
131,Boony,Chevins,bchevins3m@java.com,Male,14
132,Maurits,Long,mlong3n@gmpg.org,Male,4
133,Fallon,Whimper,fwhimper3o@home.pl,Female,1
134,Rhianon,Rickis,rrickis3p@webmd.com,Female,16
135,Brietta,Morter,bmorter3q@storify.com,Female,23
136,Ilyse,Livett,ilivett3r@elpais.com,Female,26
137,Ebenezer,Handling,ehandling3s@msu.edu,Male,57
138,Alvis,Leathem,aleathem3t@rakuten.co.jp,Male,34
139,Vivienne,Hosier,vhosier3u@yale.edu,Female,41
140,Weider,de Keep,wdekeep3v@paginegialle.it,Male,45
141,Cedric,Baugh,cbaugh3w@stanford.edu,Male,5
142,Miguelita,Harvard,mharvard3x@trellian.com,Female,51
143,Minor,Gamil,mgamil3y@wikispaces.com,Male,36
144,Starla,Stucksbury,sstucksbury3z@devhub.com,Female,41
145,Eddie,Alderwick,ealderwick40@adobe.com,Male,62
146,Philbert,Exelby,pexelby41@qq.com,Male,66
147,Yolane,Lochran,ylochran42@ibm.com,Female,9
148,Sullivan,Sidworth,ssidworth43@mayoclinic.com,Male,39
149,Tanitansy,Rubega,trubega44@hubpages.com,Female,43
150,Coreen,Godwin,cgodwin45@privacy.gov.au,Female,57
151,Libbie,Aspray,laspray46@yahoo.co.jp,Female,52
152,Kristina,Attenborough,kattenborough47@msn.com,Female,50
153,Georgy,Chivers,gchivers48@so-net.ne.jp,Male,2
154,Shelton,Hexum,shexum49@booking.com,Male,30
155,Lettie,Farnan,lfarnan4a@guardian.co.uk,Female,16
156,Aila,Tomsu,atomsu4b@webs.com,Female,26
157,Bart,Epton,bepton4c@microsoft.com,Male,55
158,Vivianna,Castiglioni,vcastiglioni4d@seattletimes.com,Female,27
159,Georgianna,Heifer,gheifer4e@rediff.com,Female,9
160,Beverlie,Hentzeler,bhentzeler4f@tumblr.com,Female,66
161,Mario,Adenot,madenot4g@foxnews.com,Male,37
162,Antonino,Frow,afrow4h@freewebs.com,Male,19
163,Robert,Kuhnhardt,rkuhnhardt4i@purevolume.com,Male,38
164,Bronson,Treadway,btreadway4j@sfgate.com,Male,33
165,Chaddie,Rosenstiel,crosenstiel4k@nasa.gov,Male,28
166,Evonne,Bloy,ebloy4l@reddit.com,Polygender,1
167,Reuven,Woodthorpe,rwoodthorpe4m@cloudflare.com,Male,41
168,Orly,Foote,ofoote4n@kickstarter.com,Female,36
169,Prisca,MacQuarrie,pmacquarrie4o@is.gd,Female,42
170,Ophelia,Valente,ovalente4p@ucoz.com,Female,64
171,Fritz,McConaghy,fmcconaghy4q@state.gov,Male,1
172,Somerset,Shortell,sshortell4r@youku.com,Male,40
173,Lutero,Geraldini,lgeraldini4s@china.com.cn,Male,33
174,Helaina,Nowakowski,hnowakowski4t@uiuc.edu,Female,33
175,Ade,Eddins,aeddins4u@umich.edu,Male,47
176,Jyoti,Corre,jcorre4v@i2i.jp,Polygender,6
177,Frieda,Tollerfield,ftollerfield4w@jiathis.com,Female,65
178,Darin,Lawman,dlawman4x@ftc.gov,Male,70
179,Alick,Earles,aearles4y@gmpg.org,Male,66
180,Keen,Heads,kheads4z@ucsd.edu,Male,47
181,Erika,Cresswell,ecresswell50@diigo.com,Female,19
182,Gage,Brimmell,gbrimmell51@ucsd.edu,Male,24
183,Porty,Brusin,pbrusin52@infoseek.co.jp,Male,58
184,Shayna,Cocklin,scocklin53@last.fm,Female,5
185,Ozzy,Kinnie,okinnie54@163.com,Male,64
186,Marj,Gurys,mgurys55@princeton.edu,Female,21
187,Enos,Kobierra,ekobierra56@wiley.com,Male,16
188,Beatrice,Millership,bmillership57@icio.us,Female,9
189,Gustavo,Muge,gmuge58@google.es,Male,39
190,Izzy,Utterson,iutterson59@hibu.com,Polygender,41
191,Marwin,Matys,mmatys5a@about.com,Male,61
192,Wenda,Breewood,wbreewood5b@usatoday.com,Female,1
193,Jacklyn,Railton,jrailton5c@freewebs.com,Female,29
194,Ailey,Berth,aberth5d@hugedomains.com,Female,38
195,Norbie,Dredge,ndredge5e@ebay.com,Male,11
196,Waldon,Fellibrand,wfellibrand5f@nba.com,Male,63
197,Syman,Frowde,sfrowde5g@marketwatch.com,Male,16
198,Ewart,Santori,esantori5h@jugem.jp,Male,65
199,Rebecca,McLucas,rmclucas5i@wired.com,Female,2
200,Teodoor,Lipgens,tlipgens5j@meetup.com,Male,20
201,Kenny,Jerrolt,kjerrolt5k@mozilla.org,Male,35
202,Calhoun,Klimashevich,cklimashevich5l@4shared.com,Polygender,20
203,Peyter,Pinder,ppinder5m@alibaba.com,Male,47
204,Babbie,Dadley,bdadley5n@ustream.tv,Female,19
205,Jacqueline,Dorwood,jdorwood5o@networkadvertising.org,Female,59
206,Nye,Hillen,nhillen5p@intel.com,Male,34
207,Rorie,Izac,rizac5q@wikipedia.org,Female,68
208,Fifine,Lammenga,flammenga5r@tinyurl.com,Female,23
209,Hobart,Huggins,hhuggins5s@alibaba.com,Male,63
210,Antonin,Attarge,aattarge5t@wix.com,Male,70
211,Reena,Stirtle,rstirtle5u@cargocollective.com,Female,65
212,Herb,Borlease,hborlease5v@mapy.cz,Male,65
213,Anetta,Price,aprice5w@hp.com,Female,47
214,Teodorico,Rihosek,trihosek5x@alexa.com,Male,50
215,Kendre,Luto,kluto5y@ed.gov,Polygender,6
216,Erhard,Soane,esoane5z@economist.com,Male,68
217,Blane,Gocher,bgocher60@issuu.com,Male,34
218,Essa,Latty,elatty61@github.com,Female,20
219,Marissa,Treend,mtreend62@simplemachines.org,Female,58
220,Gilemette,Atwood,gatwood63@weebly.com,Female,14
221,Dorey,Crocket,dcrocket64@army.mil,Female,4
222,Jaye,Mustoe,jmustoe65@list-manage.com,Male,12
223,Carlynn,Lieber,clieber66@skyrock.com,Female,27
224,Caressa,Townsend,ctownsend67@t.co,Female,38
225,Flynn,Milborn,fmilborn68@google.com.au,Male,18
226,Claiborn,Dolohunty,cdolohunty69@indiegogo.com,Male,36
227,Zulema,Woodsford,zwoodsford6a@noaa.gov,Female,27
228,Sammy,Assante,sassante6b@vinaora.com,Female,70
229,Ervin,McRavey,emcravey6c@unicef.org,Male,57
230,Ramsey,McElrath,rmcelrath6d@spiegel.de,Male,32
231,Leodora,Geany,lgeany6e@unicef.org,Female,19
232,Shayne,Beams,sbeams6f@lycos.com,Female,38
233,Meir,Postians,mpostians6g@wiley.com,Male,32
234,Kial,Gleadle,kgleadle6h@usnews.com,Female,14
235,Sallyann,Gasticke,sgasticke6i@paypal.com,Female,55
236,Debee,Tamblingson,dtamblingson6j@foxnews.com,Female,67
237,Adolpho,Burrage,aburrage6k@nps.gov,Polygender,64
238,Ross,Fuidge,rfuidge6l@ed.gov,Male,68
239,Clerissa,Uppett,cuppett6m@istockphoto.com,Female,35
240,Neely,Gosker,ngosker6n@yahoo.co.jp,Female,3
241,Sherlock,Haly,shaly6o@yandex.ru,Male,25
242,Marjorie,Watkin,mwatkin6p@wikispaces.com,Female,36
243,Delilah,Cantillion,dcantillion6q@symantec.com,Female,8
244,Alaster,Larchiere,alarchiere6r@cisco.com,Male,68
245,Carri,Harland,charland6s@wordpress.org,Female,3
246,Poppy,Mattiazzi,pmattiazzi6t@elpais.com,Female,35
247,Oren,Hambidge,ohambidge6u@themeforest.net,Male,47
248,Guntar,Cordery,gcordery6v@bing.com,Male,26
249,Inness,Janous,ijanous6w@nature.com,Male,20
250,Thornton,Duffie,tduffie6x@tripadvisor.com,Male,69
251,Camile,Spaunton,cspaunton6y@slideshare.net,Female,36
252,Corrina,Buckland,cbuckland6z@nymag.com,Female,46
253,Garik,Lagne,glagne70@ft.com,Male,67
254,Tonya,Geibel,tgeibel71@ca.gov,Female,48
255,Cherilynn,Andreolli,candreolli72@digg.com,Female,69
256,Dorie,Delgado,ddelgado73@dell.com,Female,10
257,Imogene,Biddell,ibiddell74@unicef.org,Female,41
258,Ermin,Germann,egermann75@wordpress.org,Male,26
259,Basilio,Piatkowski,bpiatkowski76@ucsd.edu,Male,18
260,Adella,Blissitt,ablissitt77@themeforest.net,Female,54
261,Adele,Ormston,aormston78@cbc.ca,Female,5
262,Gwenni,Burdon,gburdon79@icq.com,Female,48
263,Maureene,Meech,mmeech7a@webnode.com,Female,54
264,Celestyna,Spours,cspours7b@cnn.com,Female,55
265,Fredia,Gonnelly,fgonnelly7c@printfriendly.com,Female,11
266,Claudio,Egiloff,cegiloff7d@wiley.com,Male,1
267,Nadean,Morling,nmorling7e@list-manage.com,Female,63
268,Giacobo,Livoir,glivoir7f@engadget.com,Male,35
269,Kippy,Jedraszczyk,kjedraszczyk7g@ycombinator.com,Female,62
270,Roxanne,Holdall,rholdall7h@networkadvertising.org,Bigender,70
271,Pietra,Cockerill,pcockerill7i@networkadvertising.org,Female,44
272,Giorgia,Drissell,gdrissell7j@digg.com,Female,63
273,Isa,Furmenger,ifurmenger7k@google.ru,Female,37
274,Beckie,Lowman,blowman7l@ehow.com,Female,6
275,Tommie,Philipart,tphilipart7m@tripadvisor.com,Female,64
276,Charmain,Bravington,cbravington7n@drupal.org,Female,69
277,Helga,Lewerenz,hlewerenz7o@china.com.cn,Female,55
278,Merill,Gearing,mgearing7p@prlog.org,Male,44
279,Vaclav,Frary,vfrary7q@usa.gov,Male,19
280,Roley,Phair,rphair7r@wix.com,Male,70
281,Hansiain,Kelmere,hkelmere7s@phoca.cz,Male,64
282,Claudius,Skrzynski,cskrzynski7t@scientificamerican.com,Male,23
283,Emelda,Gonsalvez,egonsalvez7u@1688.com,Female,67
284,Sanford,Wrate,swrate7v@usatoday.com,Male,18
285,Cyril,Putton,cputton7w@ted.com,Male,49
286,Maison,Girardin,mgirardin7x@foxnews.com,Male,13
287,Salli,Oldroyde,soldroyde7y@wufoo.com,Agender,62
288,Vilhelmina,Carmont,vcarmont7z@craigslist.org,Female,7
289,Charlot,Cammoile,ccammoile80@twitpic.com,Female,44
290,Killian,Pearlman,kpearlman81@washington.edu,Male,58
291,Eduard,Buckie,ebuckie82@mit.edu,Male,4
292,Randy,Barzen,rbarzen83@vk.com,Male,49
293,Bertina,Durnin,bdurnin84@wsj.com,Female,11
294,Rafe,Pennings,rpennings85@jigsy.com,Male,31
295,Helaine,Lockey,hlockey86@myspace.com,Female,19
296,Lorrie,Gyde,lgyde87@hc360.com,Female,7
297,Bee,Gounin,bgounin88@sogou.com,Female,29
298,Katy,Maple,kmaple89@nyu.edu,Female,47
299,Kyla,Causon,kcauson8a@bloomberg.com,Female,43
300,Kissiah,Aimable,kaimable8b@amazon.com,Female,50
301,Faustine,Collingwood,fcollingwood8c@columbia.edu,Female,20
302,Barbara-anne,Tull,btull8d@jigsy.com,Female,20
303,Shelbi,Whitsun,swhitsun8e@sakura.ne.jp,Female,16
304,Yves,Lurcock,ylurcock8f@facebook.com,Male,5
305,Abbye,Eacle,aeacle8g@tripadvisor.com,Female,33
306,Ladonna,Widdop,lwiddop8h@simplemachines.org,Genderfluid,28
307,Sinclair,Rominov,srominov8i@about.me,Male,62
308,Robina,Ferrier,rferrier8j@kickstarter.com,Female,48
309,Jillane,O'Bradane,jobradane8k@cnn.com,Female,8
310,Katharine,Booeln,kbooeln8l@auda.org.au,Female,45
311,Anne-marie,Seleway,aseleway8m@naver.com,Female,35
312,Eleanor,Thomelin,ethomelin8n@dot.gov,Female,7
313,Torr,Dyble,tdyble8o@trellian.com,Male,31
314,Jasmin,Gallaher,jgallaher8p@usnews.com,Female,12
315,Isac,Lukovic,ilukovic8q@cbsnews.com,Male,17
316,Lynelle,Ismail,lismail8r@github.io,Non-binary,2
317,Micheline,Kave,mkave8s@dion.ne.jp,Female,36
318,Trula,Troni,ttroni8t@icio.us,Female,69
319,Giff,Metts,gmetts8u@gov.uk,Male,57
320,Jannelle,Sneaker,jsneaker8v@yale.edu,Female,38
321,Jefferey,Scoines,jscoines8w@addthis.com,Male,43
322,Gabriela,Flewitt,gflewitt8x@scientificamerican.com,Polygender,50
323,Orren,Devenish,odevenish8y@deliciousdays.com,Male,27
324,Hubie,Kemson,hkemson8z@latimes.com,Male,43
325,Inger,Edgeworth,iedgeworth90@stanford.edu,Female,37
326,Benito,Oldford,boldford91@cisco.com,Male,54
327,Ernie,Gallop,egallop92@istockphoto.com,Male,54
328,Ase,Ommundsen,aommundsen93@un.org,Agender,36
329,Nedda,Lafranconi,nlafranconi94@berkeley.edu,Female,57
330,Ariel,Fitchew,afitchew95@addthis.com,Polygender,27
331,Pearce,Knott,pknott96@nsw.gov.au,Male,30
332,Andie,Vaud,avaud97@vkontakte.ru,Female,1
333,Onfre,Frankema,ofrankema98@ebay.co.uk,Male,1
334,Moyra,Bearward,mbearward99@devhub.com,Female,64
335,Mitchael,Buckthorp,mbuckthorp9a@ucsd.edu,Male,65
336,Rayna,Kapiloff,rkapiloff9b@webs.com,Female,15
337,Nowell,Munroe,nmunroe9c@cisco.com,Male,24
338,Thebault,Iltchev,tiltchev9d@skype.com,Bigender,33
339,Hewe,Bewsey,hbewsey9e@examiner.com,Male,14
340,Nara,Alcorn,nalcorn9f@bbb.org,Female,52
341,Bidget,Ferreri,bferreri9g@who.int,Female,12
342,Ezra,Tomkinson,etomkinson9h@abc.net.au,Male,4
343,Daryl,Horrod,dhorrod9i@yale.edu,Male,13
344,Court,Kidson,ckidson9j@odnoklassniki.ru,Genderqueer,38
345,Marne,Pepper,mpepper9k@mtv.com,Female,32
346,Alexia,Spadelli,aspadelli9l@people.com.cn,Female,9
347,Teddi,Klain,tklain9m@yelp.com,Genderqueer,9
348,Christie,Stening,cstening9n@intel.com,Male,29
349,Gusty,Casburn,gcasburn9o@trellian.com,Non-binary,23
350,Sylvester,Emsden,semsden9p@bigcartel.com,Male,68
351,Myriam,Balaizot,mbalaizot9q@yellowbook.com,Female,30
352,Alvie,Mongeot,amongeot9r@nyu.edu,Male,49
353,Gerhardt,Hassell,ghassell9s@mozilla.org,Male,57
354,Adelbert,Yurkevich,ayurkevich9t@archive.org,Male,49
355,Dmitri,O'Carmody,docarmody9u@telegraph.co.uk,Male,57
356,Tom,Jiricka,tjiricka9v@unesco.org,Male,11
357,Itch,Kidner,ikidner9w@mit.edu,Non-binary,16
358,Cati,Cleare,ccleare9x@delicious.com,Female,12
359,Cissy,Comford,ccomford9y@imgur.com,Female,56
360,Aubrey,Swanton,aswanton9z@google.com,Male,66
361,Pierre,Hawe,phawea0@jugem.jp,Male,17
362,Sven,Colhoun,scolhouna1@salon.com,Male,63
363,Pier,Lynds,plyndsa2@unblog.fr,Female,47
364,Antonin,Gleaves,agleavesa3@bizjournals.com,Male,19
365,Ferdinanda,Stoggell,fstoggella4@netlog.com,Female,56
366,Shaun,Darrigoe,sdarrigoea5@tripadvisor.com,Male,47
367,Pryce,Ronayne,pronaynea6@cpanel.net,Male,32
368,Nap,Van,nvana7@1und1.de,Male,34
369,Valma,MacKissack,vmackissacka8@360.cn,Female,63
370,Gilda,Noton,gnotona9@purevolume.com,Female,28
371,Zia,Branchflower,zbranchfloweraa@tuttocitta.it,Female,37
372,Kaia,Dauber,kdauberab@exblog.jp,Female,30
373,Coletta,Pecey,cpeceyac@usda.gov,Female,69
374,Prent,Schubert,pschubertad@house.gov,Male,31
375,Bern,Godmar,bgodmarae@oracle.com,Bigender,70
376,Brigitte,Simmins,bsimminsaf@walmart.com,Female,38
377,Chiquia,Carlisi,ccarlisiag@cnet.com,Female,22
378,Gabriella,Ellissen,gellissenah@weibo.com,Female,9
379,Daffy,Hutchason,dhutchasonai@sourceforge.net,Female,4
380,Ewan,Weth,ewethaj@bing.com,Agender,40
381,Mae,Klammt,mklammtak@mapy.cz,Female,33
382,Dame,Pletts,dplettsal@nih.gov,Male,26
383,Lory,Wyndham,lwyndhamam@mapquest.com,Female,33
384,Faulkner,Zouch,fzouchan@cnet.com,Male,32
385,Dulcie,Castelijn,dcastelijnao@so-net.ne.jp,Female,40
386,Nolana,Swansborough,nswansboroughap@nytimes.com,Female,18
387,Juanita,Youings,jyouingsaq@woothemes.com,Female,6
388,Alejandro,Eborall,aeborallar@51.la,Male,15
389,Caren,Huebner,chuebneras@earthlink.net,Female,26
390,Pippo,Roakes,proakesat@reddit.com,Male,21
391,Darb,Friedenbach,dfriedenbachau@walmart.com,Female,35
392,Iorgo,Spowage,ispowageav@w3.org,Male,66
393,Ced,Smithe,csmitheaw@about.com,Male,30
394,Neddie,McClaren,nmcclarenax@google.com,Male,28
395,Bryanty,Brave,bbraveay@biglobe.ne.jp,Genderfluid,2
396,Joyous,Collabine,jcollabineaz@hugedomains.com,Female,60
397,Jayme,Kmietsch,jkmietschb0@apache.org,Female,37
398,Bridget,Garmanson,bgarmansonb1@moonfruit.com,Female,8
399,Gearard,Akast,gakastb2@twitpic.com,Male,51
400,Annora,Harp,aharpb3@usa.gov,Female,31
401,Helsa,Petch,hpetchb4@yahoo.co.jp,Female,52
402,Heidi,Prium,hpriumb5@usnews.com,Female,10
403,Karlen,Carder,kcarderb6@moonfruit.com,Female,47
404,Martguerita,Gilley,mgilleyb7@princeton.edu,Female,44
405,Leonardo,McLewd,lmclewdb8@engadget.com,Non-binary,12
406,Carole,Burder,cburderb9@eepurl.com,Agender,62
407,Windham,Mistry,wmistryba@amazonaws.com,Male,8
408,Atlante,McCurlye,amccurlyebb@163.com,Female,62
409,Saundra,Lawles,slawlesbc@rambler.ru,Male,48
410,Mavra,Albone,malbonebd@opensource.org,Female,21
411,Reagan,Hulett,rhulettbe@wikia.com,Male,4
412,Andres,Gamet,agametbf@google.com.au,Male,17
413,Hannie,Broadberry,hbroadberrybg@github.io,Female,43
414,Ewell,Drinan,edrinanbh@163.com,Male,6
415,Humfrey,Matzke,hmatzkebi@sbwire.com,Male,44
416,Kimbra,Klementz,kklementzbj@washington.edu,Female,7
417,Anna-diana,Massimi,amassimibk@jigsy.com,Female,66
418,Gauthier,Dewbury,gdewburybl@google.fr,Male,17
419,Amalea,Leverington,aleveringtonbm@yahoo.com,Female,12
420,Ketty,Leverage,kleveragebn@shutterfly.com,Female,28
421,Fairleigh,Caswall,fcaswallbo@narod.ru,Male,15
422,Winne,Aspinwall,waspinwallbp@bigcartel.com,Female,41
423,Krystle,Saunderson,ksaundersonbq@reuters.com,Female,56
424,Marven,Abrahmer,mabrahmerbr@paginegialle.it,Male,25
425,Montague,Barenskie,mbarenskiebs@fda.gov,Male,28
426,Barnard,Seawell,bseawellbt@pagesperso-orange.fr,Male,6
427,Elvira,Stratz,estratzbu@cbsnews.com,Female,61
428,Fifine,Veschi,fveschibv@123-reg.co.uk,Female,45
429,Billie,McComb,bmccombbw@home.pl,Female,68
430,Carolynn,Prendeguest,cprendeguestbx@spiegel.de,Female,21
431,Myra,Pregel,mpregelby@dion.ne.jp,Female,3
432,Cobbie,Purrier,cpurrierbz@nydailynews.com,Male,39
433,Tailor,Dabrowski,tdabrowskic0@techcrunch.com,Male,52
434,Casper,Dafter,cdafterc1@microsoft.com,Male,5
435,Meriel,Lockie,mlockiec2@epa.gov,Female,34
436,Arley,Dober,adoberc3@earthlink.net,Male,2
437,Lois,Alesi,lalesic4@statcounter.com,Female,6
438,Mable,Ferrettino,mferrettinoc5@oakley.com,Non-binary,63
439,Ericka,Harrisson,eharrissonc6@desdev.cn,Female,19
440,Honey,Kitchingham,hkitchinghamc7@hexun.com,Female,19
441,Antonietta,Fredy,afredyc8@china.com.cn,Female,69
442,Jennilee,Yaus,jyausc9@blogtalkradio.com,Female,11
443,Erik,Mattes,emattesca@wisc.edu,Male,55
444,Tucky,Ginn,tginncb@scientificamerican.com,Male,36
445,Sherie,Pyvis,spyviscc@home.pl,Female,17
446,Waring,Hansel,whanselcd@ed.gov,Male,66
447,Doroteya,Scholer,dscholerce@google.ru,Female,3
448,Fawn,Chell,fchellcf@deliciousdays.com,Female,2
449,Thea,Verty,tvertycg@nasa.gov,Female,5
450,Otha,Fochs,ofochsch@ustream.tv,Female,8
451,Ronny,Spurdens,rspurdensci@opera.com,Female,3
452,Budd,Vanetti,bvanetticj@rediff.com,Male,31
453,Dunstan,Gridley,dgridleyck@craigslist.org,Male,10
454,Carney,Glasscoe,cglasscoecl@wp.com,Male,23
455,Farris,Jori,fjoricm@spiegel.de,Male,18
456,Nike,Eliasen,neliasencn@comcast.net,Agender,60
457,Bartie,Stairmond,bstairmondco@mlb.com,Male,12
458,Ody,Terzo,oterzocp@ucsd.edu,Male,64
459,Danette,Verrico,dverricocq@pinterest.com,Female,60
460,Carey,Gerrie,cgerriecr@vistaprint.com,Male,11
461,Skipper,Eat,seatcs@ow.ly,Male,14
462,Serge,Bartomeu,sbartomeuct@businessweek.com,Male,55
463,Ailina,Tippetts,atippettscu@example.com,Female,45
464,Winston,Veldstra,wveldstracv@yale.edu,Male,40
465,Barbaraanne,Harragin,bharragincw@yellowpages.com,Female,52
466,Mylo,Pelchat,mpelchatcx@pbs.org,Male,34
467,Grace,Derrington,gderringtoncy@wikimedia.org,Male,20
468,Weylin,Lavin,wlavincz@blog.com,Genderqueer,64
469,Moreen,Kidwell,mkidwelld0@va.gov,Female,21
470,Grantham,Stoaks,gstoaksd1@ed.gov,Male,24
471,Josiah,Holston,jholstond2@yahoo.com,Male,34
472,Ermin,Maffeo,emaffeod3@shinystat.com,Male,66
473,Matthias,Cornforth,mcornforthd4@fema.gov,Male,17
474,Saxon,Capper,scapperd5@comsenz.com,Male,9
475,Whitaker,Haynesford,whaynesfordd6@java.com,Male,27
476,Maisey,Scones,msconesd7@howstuffworks.com,Female,2
477,Alisander,Braxton,abraxtond8@theatlantic.com,Male,38
478,Jarrett,Elesander,jelesanderd9@live.com,Male,23
479,Chevalier,Feast,cfeastda@ezinearticles.com,Male,5
480,Willetta,Baldwin,wbaldwindb@umn.edu,Female,36
481,Walsh,Geare,wgearedc@bing.com,Male,25
482,Cati,Brandi,cbrandidd@reverbnation.com,Female,43
483,Lexy,Corpes,lcorpesde@archive.org,Female,2
484,Brandea,Burchall,bburchalldf@livejournal.com,Female,9
485,Lottie,Blackwood,lblackwooddg@ehow.com,Female,30
486,Philippine,Tomovic,ptomovicdh@admin.ch,Female,47
487,Marian,Minghetti,mminghettidi@mit.edu,Female,64
488,Dermot,Benka,dbenkadj@free.fr,Male,67
489,Johny,Dumper,jdumperdk@istockphoto.com,Male,55
490,Laney,Jacobovitz,ljacobovitzdl@joomla.org,Male,19
491,Carce,Birkbeck,cbirkbeckdm@omniture.com,Male,5
492,Benita,Comi,bcomidn@hatena.ne.jp,Genderqueer,37
493,Olav,Fullbrook,ofullbrookdo@technorati.com,Male,44
494,Mercedes,Dodworth,mdodworthdp@a8.net,Female,62
495,Cami,Stanton,cstantondq@stanford.edu,Female,53
496,Hyatt,Berceros,hbercerosdr@geocities.com,Male,65
497,Olympie,Spondley,ospondleyds@usnews.com,Female,25
498,Wilmer,Bridge,wbridgedt@comsenz.com,Male,55
499,Worden,Relph,wrelphdu@i2i.jp,Male,49
500,Katheryn,Thewys,kthewysdv@oakley.com,Genderfluid,20
501,Delano,Pugsley,dpugsleydw@elpais.com,Male,51
502,Hestia,Kleinber,hkleinberdx@histats.com,Female,55
503,Hurleigh,Chastney,hchastneydy@cnet.com,Male,23
504,Perkin,Aleavy,paleavydz@topsy.com,Male,7
505,Gregor,Scare,gscaree0@wunderground.com,Male,14
506,Lisette,Wodeland,lwodelande1@storify.com,Female,66
507,Frederic,Ciottoi,fciottoie2@bloglovin.com,Male,10
508,Farica,Font,ffonte3@cbsnews.com,Female,16
509,Katusha,Kornacki,kkornackie4@hatena.ne.jp,Female,64
510,Derrik,Tuppeny,dtuppenye5@facebook.com,Male,65
511,Geri,Baal,gbaale6@hhs.gov,Genderqueer,30
512,Kettie,Plan,kplane7@google.pl,Female,51
513,Colet,Cowling,ccowlinge8@ebay.co.uk,Male,2
514,Giacopo,Medling,gmedlinge9@mashable.com,Male,69
515,Leilah,Crighton,lcrightonea@odnoklassniki.ru,Female,19
516,Had,Gon,hgoneb@furl.net,Male,5
517,Freeman,Breawood,fbreawoodec@webeden.co.uk,Male,23
518,Letizia,Charnick,lcharnicked@flavors.me,Female,35
519,Jeramie,Deplacido,jdeplacidoee@sourceforge.net,Polygender,60
520,Clari,Albarez,calbarezef@so-net.ne.jp,Female,15
521,Hillary,Cokely,hcokelyeg@bandcamp.com,Female,30
522,Juieta,Lafferty,jlaffertyeh@cnet.com,Female,12
523,Isaac,Fyall,ifyallei@t.co,Male,45
524,Verla,Bedham,vbedhamej@phoca.cz,Female,48
525,Selene,Loeber,sloeberek@admin.ch,Genderqueer,68
526,Chaddy,Martinho,cmartinhoel@hp.com,Male,34
527,Ebenezer,Lebbon,elebbonem@ycombinator.com,Male,22
528,Pansie,Fynan,pfynanen@csmonitor.com,Female,12
529,Krishna,Ashburne,kashburneeo@loc.gov,Male,51
530,Dino,Robak,drobakep@mozilla.org,Male,67
531,Georgina,Barlthrop,gbarlthropeq@salon.com,Female,1
532,Frazer,Behneke,fbehnekeer@reuters.com,Male,5
533,Jenilee,Winley,jwinleyes@people.com.cn,Female,34
534,Aubine,Leworthy,aleworthyet@nasa.gov,Female,27
535,Dorie,Bray,dbrayeu@nih.gov,Male,64
536,Briant,Decroix,bdecroixev@bizjournals.com,Male,45
537,Gillan,Forge,gforgeew@biglobe.ne.jp,Female,2
538,Rozanna,Alflat,ralflatex@washington.edu,Genderfluid,19
539,Genia,Wehnerr,gwehnerrey@a8.net,Female,53
540,Corbett,Elfe,celfeez@cnn.com,Male,62
541,Jsandye,Antosch,jantoschf0@ibm.com,Genderfluid,53
542,Melvyn,Yarr,myarrf1@biblegateway.com,Agender,42
543,Troy,Beastall,tbeastallf2@japanpost.jp,Male,1
544,Torry,Sommerling,tsommerlingf3@weibo.com,Male,35
545,Nolie,Archambault,narchambaultf4@nasa.gov,Genderqueer,18
546,Lemar,Toten,ltotenf5@house.gov,Male,9
547,Wanids,Webling,wweblingf6@nationalgeographic.com,Female,32
548,Pablo,Kyrkeman,pkyrkemanf7@phpbb.com,Male,21
549,Rik,Bridal,rbridalf8@house.gov,Male,65
550,See,Sans,ssansf9@nih.gov,Male,22
551,Felicia,Horrod,fhorrodfa@ted.com,Female,46
552,Kally,Sawdon,ksawdonfb@dailymail.co.uk,Female,45
553,Charline,Burstow,cburstowfc@technorati.com,Female,49
554,Leia,Mulcaster,lmulcasterfd@usgs.gov,Female,53
555,Flory,Smullen,fsmullenfe@wordpress.com,Female,1
556,Chiquia,Robertet,crobertetff@nasa.gov,Female,3
557,Emalia,Dockerty,edockertyfg@yahoo.com,Female,66
558,Gustavus,Urwen,gurwenfh@elpais.com,Male,18
559,Brant,Rattrie,brattriefi@ucoz.com,Male,25
560,Storm,Ewer,sewerfj@blog.com,Female,63
561,Edouard,Joney,ejoneyfk@clickbank.net,Male,67
562,Kalie,Yemm,kyemmfl@hubpages.com,Female,60
563,Alexandr,Zorzoni,azorzonifm@huffingtonpost.com,Male,48
564,Laurette,Inglese,linglesefn@who.int,Female,8
565,Catha,Chalcot,cchalcotfo@huffingtonpost.com,Bigender,47
566,Quill,Dyne,qdynefp@xrea.com,Male,25
567,Albertine,Larcombe,alarcombefq@constantcontact.com,Female,7
568,Zebulon,Uebel,zuebelfr@squidoo.com,Polygender,40
569,Alyosha,Gossan,agossanfs@hud.gov,Male,46
570,Olivia,Haggard,ohaggardft@themeforest.net,Female,40
571,Evelyn,Chettle,echettlefu@diigo.com,Male,29
572,Tabatha,Grew,tgrewfv@addthis.com,Female,60
573,Anneliese,Gee,ageefw@wikia.com,Female,33
574,Isabella,Sketcher,isketcherfx@freewebs.com,Female,19
575,Tibold,Cicculi,tcicculify@hatena.ne.jp,Male,26
576,Rabi,Dahle,rdahlefz@photobucket.com,Male,25
577,Terrel,Rable,trableg0@ucsd.edu,Male,2
578,Dewain,Dimmer,ddimmerg1@gravatar.com,Male,16
579,Addy,Wellen,awelleng2@imdb.com,Male,33
580,Florri,Bellfield,fbellfieldg3@yolasite.com,Female,55
581,Biddy,Hathway,bhathwayg4@cmu.edu,Female,30
582,Janetta,Loudiane,jloudianeg5@over-blog.com,Female,38
583,Gearalt,O'Growgane,gogrowganeg6@guardian.co.uk,Genderfluid,37
584,Freeland,Steeples,fsteeplesg7@tmall.com,Male,21
585,Beauregard,Phifer,bphiferg8@ocn.ne.jp,Male,38
586,Jameson,Matisoff,jmatisoffg9@mit.edu,Male,4
587,Brnaby,Feldberger,bfeldbergerga@skype.com,Male,19
588,Reggie,Sessions,rsessionsgb@wisc.edu,Male,65
589,Piotr,Thebeau,pthebeaugc@virginia.edu,Male,31
590,Waite,Connah,wconnahgd@unc.edu,Male,22
591,Bessy,Edmeades,bedmeadesge@github.com,Female,28
592,Elsy,Stuther,estuthergf@fda.gov,Female,1
593,Leeanne,Wynrehame,lwynrehamegg@pagesperso-orange.fr,Female,19
594,Florette,Pennigar,fpennigargh@netscape.com,Female,54
595,Billy,Spelman,bspelmangi@google.pl,Male,2
596,Vikky,Norquoy,vnorquoygj@hibu.com,Bigender,44
597,Joyous,Wickenden,jwickendengk@weibo.com,Female,42
598,Judy,Yearby,jyearbygl@hexun.com,Female,70
599,Clarice,Sidry,csidrygm@people.com.cn,Female,52
600,Bobinette,Maccrae,bmaccraegn@netvibes.com,Female,40
601,Lira,Vannet,lvannetgo@dyndns.org,Female,34
602,Jeni,Feldmann,jfeldmanngp@usgs.gov,Genderqueer,49
603,Row,Skep,rskepgq@thetimes.co.uk,Female,16
604,Tessi,Wringe,twringegr@youtube.com,Female,4
605,Aili,Toolin,atoolings@studiopress.com,Female,15
606,Paloma,Bruck,pbruckgt@ucoz.com,Female,14
607,Erroll,Cotsford,ecotsfordgu@bloglovin.com,Male,11
608,Marcello,Linthead,mlintheadgv@w3.org,Male,13
609,Jaquith,Worledge,jworledgegw@photobucket.com,Female,48
610,Inigo,Garie,igariegx@gizmodo.com,Male,48
611,Trixie,Webberley,twebberleygy@elpais.com,Female,36
612,Gil,Marzelli,gmarzelligz@bing.com,Polygender,63
613,Morena,Rowden,mrowdenh0@1688.com,Polygender,36
614,Renault,Kobierzycki,rkobierzyckih1@wp.com,Male,22
615,Isidore,Riseborough,iriseboroughh2@google.com.au,Male,68
616,Winston,Philbin,wphilbinh3@howstuffworks.com,Genderfluid,62
617,Conni,Fust,cfusth4@imdb.com,Non-binary,31
618,Vaughan,Dugood,vdugoodh5@china.com.cn,Male,54
619,Sonny,Utteridge,sutteridgeh6@vkontakte.ru,Female,39
620,Kellsie,Leven,klevenh7@trellian.com,Female,2
621,Elsa,Palfery,epalferyh8@dmoz.org,Female,53
622,Salaidh,Clench,sclenchh9@bloomberg.com,Female,45
623,Quint,Stoffler,qstofflerha@shop-pro.jp,Male,25
624,Saul,Peschet,speschethb@businessinsider.com,Male,28
625,Tomi,Muddiman,tmuddimanhc@cnet.com,Female,9
626,Irwinn,Haugeh,ihaugehhd@woothemes.com,Male,24
627,Jordana,O'Heffernan,joheffernanhe@issuu.com,Female,23
628,Calypso,Kibbye,ckibbyehf@comcast.net,Female,5
629,Orson,Ziemens,oziemenshg@live.com,Male,35
630,Chad,Bedin,cbedinhh@cbsnews.com,Male,17
631,Osborn,Christofor,ochristoforhi@liveinternet.ru,Male,44
632,Gail,Charopen,gcharopenhj@epa.gov,Male,60
633,Tiffy,Youle,tyoulehk@prlog.org,Female,6
634,Abdul,Luciano,alucianohl@home.pl,Male,47
635,Chaim,De Cruze,cdecruzehm@google.com,Male,42
636,Ilyssa,Anfosso,ianfossohn@i2i.jp,Female,22
637,Binni,Fallis,bfallisho@springer.com,Female,21
638,Ulysses,Borg-Bartolo,uborgbartolohp@blogspot.com,Male,2
639,Zedekiah,d' Eye,zdeyehq@facebook.com,Male,6
640,Zebulon,Badsey,zbadseyhr@i2i.jp,Male,7
641,Salaidh,Spillett,sspilletths@sourceforge.net,Female,22
642,Becky,Guilleton,bguilletonht@ning.com,Female,4
643,Blair,Belsher,bbelsherhu@last.fm,Female,22
644,Tremain,Plaid,tplaidhv@topsy.com,Male,59
645,Pooh,Adrian,padrianhw@latimes.com,Male,24
646,Oren,Mourbey,omourbeyhx@ocn.ne.jp,Male,2
647,Jacinta,MacGorrie,jmacgorriehy@go.com,Female,43
648,Moselle,Middis,mmiddishz@e-recht24.de,Female,50
649,Gabbey,Popple,gpopplei0@usnews.com,Female,63
650,Rockey,Jaggar,rjaggari1@joomla.org,Non-binary,69
651,Wells,Mathys,wmathysi2@telegraph.co.uk,Male,21
652,Saundra,Sivell,ssivelli3@msn.com,Female,43
653,Eldin,Pods,epodsi4@bravesites.com,Male,59
654,Tallou,Sworder,tsworderi5@ovh.net,Female,54
655,Dorry,Cawthera,dcawtherai6@spotify.com,Female,5
656,Roch,Hanssmann,rhanssmanni7@oracle.com,Female,36
657,Korney,Kevis,kkevisi8@is.gd,Female,64
658,Maje,Musprat,mmusprati9@meetup.com,Male,60
659,Roosevelt,Vlasov,rvlasovia@deviantart.com,Male,60
660,Sunshine,Bengal,sbengalib@weather.com,Female,17
661,Alfonso,Leeburne,aleeburneic@hexun.com,Male,44
662,Donny,Shortall,dshortallid@utexas.edu,Female,35
663,Leena,Hoovart,lhoovartie@blog.com,Female,26
664,Sela,Pestell,spestellif@oaic.gov.au,Female,61
665,Georgianna,Hazlehurst,ghazlehurstig@rediff.com,Female,40
666,Susana,Blick,sblickih@cafepress.com,Agender,45
667,Lek,Griffitts,lgriffittsii@rakuten.co.jp,Male,19
668,Zarah,Pabel,zpabelij@aboutads.info,Female,8
669,Lanette,Paoloni,lpaoloniik@xing.com,Female,49
670,Mattheus,Raveau,mraveauil@photobucket.com,Male,54
671,Shari,Barth,sbarthim@newyorker.com,Female,19
672,Salvatore,Renyard,srenyardin@craigslist.org,Male,20
673,Robin,Crilly,rcrillyio@forbes.com,Male,40
674,Lura,Ambrogioli,lambrogioliip@com.com,Female,31
675,Melinde,Garm,mgarmiq@oakley.com,Female,1
676,Arlena,Bayless,abaylessir@liveinternet.ru,Female,12
677,Clem,Wallworke,cwallworkeis@newsvine.com,Female,58
678,Alameda,Lanktree,alanktreeit@studiopress.com,Female,53
679,Jozef,Rollings,jrollingsiu@wikispaces.com,Male,26
680,Ludovico,Marques,lmarquesiv@toplist.cz,Male,52
681,Roshelle,Chettle,rchettleiw@t.co,Female,18
682,Lezley,Rickesies,lrickesiesix@gizmodo.com,Male,21
683,Jamesy,Harnott,jharnottiy@umn.edu,Male,2
684,Tobiah,Mather,tmatheriz@salon.com,Male,37
685,Judah,Dorie,jdoriej0@tumblr.com,Male,14
686,Riki,Brake,rbrakej1@studiopress.com,Female,46
687,Billie,Lorrimer,blorrimerj2@biglobe.ne.jp,Female,10
688,Goldi,Tetford,gtetfordj3@scientificamerican.com,Female,57
689,Alida,Medlen,amedlenj4@marriott.com,Female,55
690,Frazier,Mc Kellen,fmckellenj5@squarespace.com,Male,19
691,Morton,Shakspeare,mshakspearej6@pen.io,Male,57
692,Calida,Scherer,cschererj7@friendfeed.com,Female,44
693,Pamela,Stanbridge,pstanbridgej8@creativecommons.org,Female,8
694,Jack,Kelsall,jkelsallj9@mayoclinic.com,Male,26
695,Munmro,Alfonsetto,malfonsettoja@cocolog-nifty.com,Genderqueer,46
696,Cate,Polland,cpollandjb@upenn.edu,Female,2
697,Jervis,Leglise,jleglisejc@cdc.gov,Male,3
698,Aubert,Hove,ahovejd@gravatar.com,Polygender,10
699,Kendra,Gercken,kgerckenje@cdbaby.com,Female,43
700,Hulda,Kirke,hkirkejf@behance.net,Female,36
701,Tessa,Blaydon,tblaydonjg@amazon.de,Polygender,23
702,Jaime,Paggitt,jpaggittjh@de.vu,Male,14
703,Ula,Le Moucheux,ulemoucheuxji@princeton.edu,Female,33
704,Mill,MacQuist,mmacquistjj@miitbeian.gov.cn,Male,61
705,Herb,Jurries,hjurriesjk@tamu.edu,Male,60
706,Brenden,Nunn,bnunnjl@ask.com,Male,32
707,Alphonso,Burling,aburlingjm@github.com,Male,29
708,Gabrielle,Mungin,gmunginjn@home.pl,Female,29
709,Pierette,Briton,pbritonjo@instagram.com,Female,11
710,Ermengarde,Toner,etonerjp@geocities.jp,Female,57
711,Cyb,Wolstencroft,cwolstencroftjq@mtv.com,Female,62
712,Marleen,Findlater,mfindlaterjr@umn.edu,Female,50
713,Alasteir,Brodbin,abrodbinjs@ibm.com,Polygender,69
714,Marietta,Dielhenn,mdielhennjt@liveinternet.ru,Female,24
715,Jase,Mansuer,jmansuerju@fda.gov,Bigender,23
716,Benedikta,Jerred,bjerredjv@gmpg.org,Female,27
717,Netty,Craker,ncrakerjw@bloomberg.com,Female,27
718,Hildy,Treeby,htreebyjx@jalbum.net,Female,21
719,Archer,Procter,aprocterjy@upenn.edu,Male,46
720,Camille,Verheyden,cverheydenjz@pagesperso-orange.fr,Female,1
721,Iago,Sharrock,isharrockk0@newyorker.com,Male,42
722,Lucila,Bruford,lbrufordk1@pagesperso-orange.fr,Female,5
723,Jessey,Braisher,jbraisherk2@salon.com,Male,15
724,Scarlett,Batha,sbathak3@cyberchimps.com,Female,42
725,Cora,Keri,ckerik4@yale.edu,Female,68
726,Lukas,Degan,ldegank5@shutterfly.com,Male,15
727,Kingston,Kattenhorn,kkattenhornk6@miibeian.gov.cn,Male,8
728,Elnora,Workes,eworkesk7@deliciousdays.com,Female,4
729,Boris,Lamb,blambk8@army.mil,Male,8
730,Lawrence,Clifft,lclifftk9@1688.com,Male,2
731,Denys,Danilowicz,ddanilowiczka@g.co,Male,4
732,Gaylor,Rodders,grodderskb@ucoz.com,Male,33
733,Lilith,Norridge,lnorridgekc@rakuten.co.jp,Female,16
734,Hilde,Hutchens,hhutchenskd@sbwire.com,Female,66
735,Datha,Hylands,dhylandske@va.gov,Female,42
736,Harper,Franzolini,hfranzolinikf@sciencedirect.com,Male,34
737,Zitella,Conboy,zconboykg@sciencedaily.com,Female,58
738,Wheeler,Town,wtownkh@furl.net,Male,69
739,Kaleb,Copsey,kcopseyki@macromedia.com,Male,23
740,Granger,Churches,gchurcheskj@bluehost.com,Male,52
741,Roma,Simonou,rsimonoukk@foxnews.com,Male,25
742,Stevy,Biddleston,sbiddlestonkl@youtube.com,Male,61
743,Calley,Scales,cscaleskm@technorati.com,Female,62
744,Bevin,Meah,bmeahkn@wp.com,Male,21
745,Alec,Blann,ablannko@angelfire.com,Male,53
746,Doroteya,Le Monnier,dlemonnierkp@biglobe.ne.jp,Female,20
747,Fenelia,McDowell,fmcdowellkq@dyndns.org,Female,28
748,Daloris,Shillabeare,dshillabearekr@accuweather.com,Female,47
749,Tomlin,Hawkwood,thawkwoodks@nature.com,Male,47
750,Rodolfo,Abrahams,rabrahamskt@epa.gov,Polygender,50
751,Allene,Radolf,aradolfku@uiuc.edu,Female,31
752,Brade,Spray,bspraykv@hugedomains.com,Male,61
753,Trista,Ghirigori,tghirigorikw@1688.com,Female,61
754,Lexy,Pepperill,lpepperillkx@fema.gov,Female,45
755,Adel,Bohea,aboheaky@ft.com,Female,31
756,Lonni,Caban,lcabankz@tiny.cc,Female,23
757,Livvie,Splaven,lsplavenl0@princeton.edu,Female,15
758,Reeta,Desvignes,rdesvignesl1@devhub.com,Female,50
759,Janifer,Bearcroft,jbearcroftl2@yelp.com,Female,41
760,Karilynn,Sutherington,ksutheringtonl3@cnbc.com,Female,31
761,Constantia,Gilbane,cgilbanel4@wisc.edu,Female,2
762,Heidi,Boynes,hboynesl5@hatena.ne.jp,Female,57
763,Florenza,D'Oyly,fdoylyl6@constantcontact.com,Female,48
764,Janeczka,Millam,jmillaml7@theguardian.com,Female,53
765,Lay,Blanpein,lblanpeinl8@wikipedia.org,Male,9
766,Pamella,Overstone,poverstonel9@google.com.hk,Female,68
767,Yetta,Bescoby,ybescobyla@fotki.com,Female,44
768,Teador,Wisniewski,twisniewskilb@ibm.com,Male,7
769,Ekaterina,Vallentine,evallentinelc@irs.gov,Female,57
770,Kermy,Addison,kaddisonld@yandex.ru,Male,47
771,Wilona,Hawkins,whawkinsle@sphinn.com,Female,57
772,Sacha,Dybell,sdybelllf@edublogs.org,Female,50
773,Sharon,Whittet,swhittetlg@narod.ru,Female,69
774,Alfreda,Howie,ahowielh@latimes.com,Female,62
775,Brigid,Kaveney,bkaveneyli@bloglines.com,Female,50
776,Tasia,Berr,tberrlj@yolasite.com,Female,69
777,Darren,Dell Casa,ddellcasalk@cdbaby.com,Male,29
778,Tanny,Pittle,tpittlell@twitpic.com,Male,44
779,Madge,Holsall,mholsalllm@zdnet.com,Female,49
780,Allix,Master,amasterln@google.com.hk,Female,3
781,Lynnell,Petrasek,lpetraseklo@intel.com,Female,65
782,Ransell,Poxson,rpoxsonlp@nature.com,Male,60
783,Buddie,Kell,bkelllq@japanpost.jp,Male,46
784,Arlie,Copner,acopnerlr@columbia.edu,Polygender,35
785,Merrel,Yurenin,myureninls@tripadvisor.com,Male,33
786,Maryjo,Tapson,mtapsonlt@domainmarket.com,Female,64
787,Boone,Liveley,bliveleylu@smugmug.com,Male,18
788,Putnam,Spray,pspraylv@artisteer.com,Male,64
789,Jana,Chimienti,jchimientilw@wufoo.com,Female,22
790,Tyler,Tuson,ttusonlx@reuters.com,Male,48
791,Heath,Elsmore,helsmorely@paginegialle.it,Male,28
792,Yorker,Rivallant,yrivallantlz@free.fr,Male,28
793,Lorna,Heinemann,lheinemannm0@springer.com,Female,16
794,Amble,Dann,adannm1@usgs.gov,Male,66
795,Andras,Tarren,atarrenm2@cocolog-nifty.com,Genderfluid,40
796,Lyn,Memmory,lmemmorym3@google.ca,Female,62
797,Orin,Lammin,olamminm4@ox.ac.uk,Male,4
798,David,Weond,dweondm5@google.com.hk,Male,64
799,Shaughn,Cleyne,scleynem6@mayoclinic.com,Male,42
800,Omar,Strute,ostrutem7@baidu.com,Genderfluid,1
801,Spense,Argent,sargentm8@microsoft.com,Male,21
802,Tedman,Pabel,tpabelm9@fotki.com,Male,37
803,Clement,Eate,ceatema@google.ru,Male,34
804,Daniele,Roskam,droskammb@virginia.edu,Female,57
805,Gnni,Balsillie,gbalsilliemc@amazonaws.com,Female,63
806,Randee,Wabersinke,rwabersinkemd@usnews.com,Female,23
807,Monro,Shorbrook,mshorbrookme@go.com,Male,46
808,Sidonia,Devenport,sdevenportmf@ow.ly,Female,2
809,Christian,Dymock,cdymockmg@ifeng.com,Female,23
810,Rossy,Hiley,rhileymh@ifeng.com,Male,46
811,Blanch,Gare,bgaremi@dailymotion.com,Female,12
812,Nico,Kynder,nkyndermj@alexa.com,Male,48
813,Andre,Tassel,atasselmk@networkadvertising.org,Male,15
814,Mack,Dugall,mdugallml@smugmug.com,Male,11
815,Yanaton,De Andreis,ydeandreismm@tuttocitta.it,Male,51
816,Mandi,Jewel,mjewelmn@slideshare.net,Female,42
817,Gabriela,Harroway,gharrowaymo@wordpress.org,Female,18
818,Benson,Snoddin,bsnoddinmp@eepurl.com,Male,4
819,Ewart,Gerardet,egerardetmq@examiner.com,Male,26
820,Andi,Diviny,adivinymr@abc.net.au,Female,32
821,Brennan,Deetlof,bdeetlofms@odnoklassniki.ru,Male,35
822,Hobard,Starie,hstariemt@goo.gl,Male,38
823,Donal,Tadman,dtadmanmu@sohu.com,Male,9
824,Courtney,Justham,cjusthammv@omniture.com,Female,60
825,Leonid,Whotton,lwhottonmw@slashdot.org,Male,26
826,Doreen,Ellesworth,dellesworthmx@techcrunch.com,Female,23
827,Wendell,Briers,wbriersmy@deliciousdays.com,Male,1
828,Vail,Fernyhough,vfernyhoughmz@reverbnation.com,Male,37
829,Corene,Sams,csamsn0@diigo.com,Female,49
830,Berton,Cadagan,bcadagann1@japanpost.jp,Male,70
831,Thadeus,Kenwin,tkenwinn2@google.fr,Male,56
832,Ulla,Wollard,uwollardn3@google.co.uk,Female,36
833,Gizela,Mote,gmoten4@simplemachines.org,Bigender,63
834,Clarke,Minithorpe,cminithorpen5@technorati.com,Male,33
835,Gerek,Littlefair,glittlefairn6@bloomberg.com,Male,61
836,Arnuad,Thornewill,athornewilln7@opensource.org,Male,5
837,Clemmie,Jedrysik,cjedrysikn8@edublogs.org,Female,32
838,Lalo,Walaron,lwalaronn9@epa.gov,Male,40
839,Meredith,Meffen,mmeffenna@indiatimes.com,Female,31
840,Hollis,MacLachlan,hmaclachlannb@phpbb.com,Male,1
841,Klement,Kubin,kkubinnc@wired.com,Male,62
842,Bebe,Sultana,bsultanand@people.com.cn,Female,55
843,Bradan,Shemilt,bshemiltne@noaa.gov,Male,5
844,Lilian,Safont,lsafontnf@dyndns.org,Female,27
845,Willow,Clarkson,wclarksonng@aboutads.info,Female,4
846,Tabb,Liveley,tliveleynh@samsung.com,Male,48
847,Allard,Yarham,ayarhamni@blinklist.com,Agender,37
848,Layla,Verden,lverdennj@goo.gl,Female,33
849,Meredith,Thrustle,mthrustlenk@wufoo.com,Male,1
850,Conan,Folkerts,cfolkertsnl@nsw.gov.au,Male,32
851,Marie-jeanne,Kennelly,mkennellynm@cnbc.com,Female,41
852,Solomon,Gwilliam,sgwilliamnn@washingtonpost.com,Male,55
853,Hatty,Flooks,hflooksno@so-net.ne.jp,Female,54
854,Wenonah,Lyddiard,wlyddiardnp@cbc.ca,Female,28
855,Wilfrid,Cardenoso,wcardenosonq@google.co.jp,Polygender,25
856,Gabriele,Forestall,gforestallnr@indiatimes.com,Male,63
857,Sarine,Clowser,sclowserns@parallels.com,Female,60
858,Rem,Cottu,rcottunt@google.de,Male,70
859,Katheryn,Hucker,khuckernu@myspace.com,Female,26
860,Cammy,Dimic,cdimicnv@whitehouse.gov,Male,37
861,Ivette,Du Plantier,iduplantiernw@joomla.org,Female,7
862,Christiane,Millan,cmillannx@ovh.net,Female,18
863,Del,Softley,dsoftleyny@scribd.com,Female,37
864,Sacha,Agneau,sagneaunz@naver.com,Female,31
865,Emalia,Turrill,eturrillo0@hc360.com,Female,43
866,Clare,Huyge,chuygeo1@ed.gov,Female,2
867,Kriste,Dunley,kdunleyo2@constantcontact.com,Female,11
868,Bear,Whyke,bwhykeo3@apache.org,Male,50
869,Susann,Nolot,snoloto4@vimeo.com,Non-binary,50
870,Ado,Sellek,aselleko5@dedecms.com,Male,65
871,Poppy,Peakman,ppeakmano6@google.ca,Genderfluid,30
872,Barbara-anne,Francisco,bfranciscoo7@hexun.com,Female,18
873,Shanna,Hurlin,shurlino8@msn.com,Female,21
874,Gris,Marke,gmarkeo9@mlb.com,Male,42
875,Wang,Lehrer,wlehreroa@nature.com,Male,2
876,Skelly,Connealy,sconnealyob@ning.com,Male,67
877,Addison,Fouracre,afouracreoc@usatoday.com,Male,7
878,Elroy,Manueli,emanueliod@4shared.com,Male,3
879,Tuckie,Wattins,twattinsoe@state.gov,Male,15
880,Kimberlyn,Scholz,kscholzof@washington.edu,Female,70
881,Ileana,Oloman,iolomanog@multiply.com,Non-binary,62
882,Emelyne,Shasnan,eshasnanoh@seattletimes.com,Female,2
883,Angelique,Cicerone,aciceroneoi@e-recht24.de,Female,28
884,Ralph,Kleinlerer,rkleinlereroj@businessinsider.com,Male,23
885,Nichol,Hodinton,nhodintonok@disqus.com,Female,67
886,Karlis,Barber,kbarberol@opera.com,Male,64
887,Aksel,Gwynne,agwynneom@techcrunch.com,Male,13
888,Ardelia,Birdfield,abirdfieldon@digg.com,Female,66
889,Tyler,Capron,tcapronoo@apple.com,Male,49
890,Lisa,Graffin,lgraffinop@sitemeter.com,Female,69
891,Calv,Mathiasen,cmathiasenoq@photobucket.com,Male,59
892,Obie,Hancock,ohancockor@amazon.de,Male,44
893,Henka,Tibols,htibolsos@dell.com,Female,20
894,Joelly,Wybern,jwybernot@ted.com,Genderqueer,28
895,Robbyn,Ruoss,rruossou@artisteer.com,Female,24
896,Ruttger,Grout,rgroutov@trellian.com,Male,30
897,Birdie,Blitzer,bblitzerow@kickstarter.com,Female,64
898,Hendrick,Colles,hcollesox@i2i.jp,Male,33
899,Skippie,Marquot,smarquotoy@umn.edu,Male,5
900,Franni,Berthomier,fberthomieroz@cafepress.com,Polygender,44
901,Darda,Lowdham,dlowdhamp0@tumblr.com,Female,29
902,Lauri,Toothill,ltoothillp1@list-manage.com,Genderqueer,34
903,Pieter,Parlor,pparlorp2@europa.eu,Male,49
904,Hermon,Bonner,hbonnerp3@state.tx.us,Male,10
905,Carmel,Dommett,cdommettp4@yahoo.com,Female,43
906,Orin,Boorn,oboornp5@cafepress.com,Male,34
907,Valerye,Fullerd,vfullerdp6@umich.edu,Female,11
908,Melinde,Merlin,mmerlinp7@harvard.edu,Female,47
909,Ricki,Keating,rkeatingp8@springer.com,Male,55
910,Maximilien,Negus,mnegusp9@issuu.com,Male,42
911,Germaine,Hansell,ghansellpa@so-net.ne.jp,Female,49
912,Elsbeth,Simounet,esimounetpb@springer.com,Female,45
913,Karyl,Joy,kjoypc@weebly.com,Female,50
914,Archibaldo,Latty,alattypd@unesco.org,Male,65
915,Gwenore,Yegorovnin,gyegorovninpe@foxnews.com,Female,11
916,Mabel,McArtan,mmcartanpf@barnesandnoble.com,Female,12
917,Clerkclaude,Dugmore,cdugmorepg@usatoday.com,Male,47
918,Fletcher,Faivre,ffaivreph@hubpages.com,Male,26
919,Gretna,Eyres,geyrespi@google.pl,Female,12
920,Hyacinthia,Gilbank,hgilbankpj@squidoo.com,Female,13
921,Dee,Lockyear,dlockyearpk@tumblr.com,Female,23
922,Dolorita,Halworth,dhalworthpl@epa.gov,Polygender,53
923,Halsy,Conachy,hconachypm@wp.com,Male,38
924,Blair,Blakes,bblakespn@google.co.jp,Male,60
925,Kincaid,Grumell,kgrumellpo@friendfeed.com,Male,3
926,Pancho,Harrop,pharroppp@foxnews.com,Male,26
927,Pietrek,Webling,pweblingpq@wikia.com,Male,64
928,Virgie,Sier,vsierpr@eventbrite.com,Male,20
929,Charlene,Habbes,chabbesps@cbsnews.com,Female,62
930,Brynna,Laroze,blarozept@storify.com,Female,12
931,Amie,McNamee,amcnameepu@tmall.com,Female,63
932,Glenn,Witsey,gwitseypv@comsenz.com,Male,16
933,Billi,Vinas,bvinaspw@wikispaces.com,Female,11
934,Kissiah,Channing,kchanningpx@china.com.cn,Female,44
935,Ashley,Camock,acamockpy@multiply.com,Female,58
936,Aluino,Albiston,aalbistonpz@wordpress.com,Non-binary,39
937,Rodolfo,Strickett,rstrickettq0@ebay.com,Male,50
938,Karoly,Scamwell,kscamwellq1@home.pl,Male,58
939,Vincenz,Fury,vfuryq2@irs.gov,Male,70
940,Imogene,Oldfield,ioldfieldq3@goodreads.com,Female,6
941,Drusie,Gatecliffe,dgatecliffeq4@china.com.cn,Genderfluid,53
942,Garrett,Branigan,gbraniganq5@adobe.com,Male,38
943,Skippie,Goulbourne,sgoulbourneq6@adobe.com,Male,25
944,Ronda,Whorlow,rwhorlowq7@ycombinator.com,Female,60
945,Penelope,Shoppee,pshoppeeq8@cornell.edu,Female,7
946,Margalo,Manis,mmanisq9@xing.com,Female,6
947,Neil,Hadcock,nhadcockqa@blog.com,Male,8
948,Oona,Screen,oscreenqb@blogs.com,Agender,66
949,Rogers,Sharples,rsharplesqc@bigcartel.com,Male,19
950,Nolie,Coal,ncoalqd@virginia.edu,Bigender,4
951,Verina,Cominetti,vcominettiqe@istockphoto.com,Female,18
952,Riannon,Abram,rabramqf@paypal.com,Female,14
953,Charlene,Rannigan,cranniganqg@ed.gov,Female,50
954,Diarmid,Bravery,dbraveryqh@opera.com,Male,53
955,Jacinda,Ebunoluwa,jebunoluwaqi@flickr.com,Female,23
956,Stephen,Micklewright,smicklewrightqj@flavors.me,Male,19
957,Horace,Shrive,hshriveqk@g.co,Male,1
958,Shannon,Zukierman,szukiermanql@nsw.gov.au,Bigender,1
959,Melodee,Sinclar,msinclarqm@prnewswire.com,Female,37
960,Nicolina,Wall,nwallqn@epa.gov,Female,26
961,Mathew,Antley,mantleyqo@amazon.co.jp,Male,11
962,Sascha,Finan,sfinanqp@senate.gov,Male,44
963,Julian,Tutill,jtutillqq@arizona.edu,Male,41
964,Johna,Romei,jromeiqr@amazon.com,Female,11
965,Shurlocke,Tattershall,stattershallqs@pcworld.com,Male,48
966,Linea,Killby,lkillbyqt@miibeian.gov.cn,Female,14
967,Lesley,Greatbatch,lgreatbatchqu@trellian.com,Male,17
968,Reggis,Warratt,rwarrattqv@jiathis.com,Male,4
969,Lana,Tague,ltagueqw@slashdot.org,Female,10
970,Loydie,Warrender,lwarrenderqx@hao123.com,Male,39
971,Annabal,Causier,acausierqy@studiopress.com,Female,11
972,Chrissie,Tuohy,ctuohyqz@qq.com,Female,58
973,Maybelle,McSkin,mmcskinr0@google.com,Female,26
974,Wyatt,Izhakov,wizhakovr1@csmonitor.com,Male,63
975,Camey,Courvert,ccourvertr2@nydailynews.com,Male,39
976,Georgina,Battram,gbattramr3@yellowbook.com,Female,24
977,Mohandis,Ganing,mganingr4@salon.com,Male,6
978,Cammie,Christene,cchristener5@spiegel.de,Female,34
979,Madel,Costall,mcostallr6@go.com,Female,34
980,Justin,Oxbrough,joxbroughr7@redcross.org,Non-binary,63
981,Kaiser,Ebdin,kebdinr8@marketwatch.com,Male,42
982,Abey,Golding,agoldingr9@woothemes.com,Male,17
983,Verna,Dovey,vdoveyra@oracle.com,Female,21
984,Mort,Bouchier,mbouchierrb@amazon.com,Male,46
985,Stormi,Baroche,sbarocherc@drupal.org,Genderqueer,65
986,Mace,Wrates,mwratesrd@discovery.com,Male,54
987,Arney,Schumacher,aschumacherre@columbia.edu,Male,55
988,Flor,Oakinfold,foakinfoldrf@edublogs.org,Female,14
989,Janis,Madeley,jmadeleyrg@unc.edu,Female,12
990,Jodie,Norkutt,jnorkuttrh@bravesites.com,Male,57
991,Adrianne,Hunnisett,ahunnisettri@yahoo.co.jp,Polygender,67
992,Kliment,Thumann,kthumannrj@walmart.com,Male,36
993,Jack,Haddy,jhaddyrk@skype.com,Agender,58
994,Lilith,Chidley,lchidleyrl@google.de,Female,45
995,Sharona,Bullene,sbullenerm@gov.uk,Female,49
996,Codie,Arnott,carnottrn@blogs.com,Male,8
997,Howie,Parvin,hparvinro@dmoz.org,Male,15
998,Victoir,Endrighi,vendrighirp@sbwire.com,Male,39
999,Carce,Gisburn,cgisburnrq@vkontakte.ru,Genderqueer,16
1000,Maryann,Orcott,morcottrr@dailymotion.com,Female,41